link_id,from_node_id,to_node_id,date,FT,AT,assignment_period,period_volume,period_mean_hourly_volume_per_lane,period_mean_daily_speed,period_mean_density,t0_index,t3_index,t0,t3,demand,average_discharge_rate,peak_hour_factor,congestion_duration,congestion_period_mean_speed,geometry,length
1317,511,512,1/1/2016,1,1,1400_1800,3796.666666666667,949.1666666666667,62.562499999375,15.171527389136305,0,0,none,none,977.6666666666666,914.6666666666666,3.8833958404364135,<PSTW,62.6944444425,"LINESTRING (-112.0940396 33.461977, -112.0985831 33.4619612)",1.3
1317,511,512,1/10/2016,1,1,1400_1800,4288.333333333334,1072.0833333333335,62.916666667499996,17.04399176483729,0,0,none,none,1076.6666666666665,1057.3333333333333,3.9829721362229114,<PSTW,62.194444447500004,"LINESTRING (-112.0940396 33.461977, -112.0985831 33.4619612)",1.3
1317,511,512,1/11/2016,1,1,1400_1800,3163.0,973.2307692307693,23.95726495692308,45.25856637849487,0,12,14:00,17:15,3163.0,973.2307692307693,1.0,3.25,23.95726495692308,"LINESTRING (-112.0940396 33.461977, -112.0985831 33.4619612)",1.3
1317,511,512,1/12/2016,1,1,1400_1800,3663.0,915.75,27.159722221187497,48.79524450697182,4,15,15:00,18:00,2440.0,813.3333333333334,1.5012295081967213,3.0,16.638888887416666,"LINESTRING (-112.0940396 33.461977, -112.0985831 33.4619612)",1.3
1317,511,512,1/13/2016,1,1,1400_1800,3862.3333333333335,965.5833333333334,28.138888888687497,42.550643130451036,2,15,14:30,18:00,3259.333333333333,931.2380952380952,1.1850071589282063,3.5,23.460317459928575,"LINESTRING (-112.0940396 33.461977, -112.0985831 33.4619612)",1.3
1317,511,512,1/14/2016,1,1,1400_1800,3668.333333333333,917.0833333333333,28.013888889562505,43.11657870425608,4,15,15:00,18:00,2425.0,808.3333333333334,1.5127147766323024,3.0,17.250000001083333,"LINESTRING (-112.0940396 33.461977, -112.0985831 33.4619612)",1.3
1317,511,512,1/15/2016,1,1,1400_1800,3675.333333333333,918.8333333333333,23.1874999989375,54.5791770302839,3,15,14:45,18:00,2738.666666666667,842.6666666666667,1.3420155793573512,3.25,15.410256409461537,"LINESTRING (-112.0940396 33.461977, -112.0985831 33.4619612)",1.3
1317,511,512,1/16/2016,1,1,1400_1800,3635.666666666667,908.9166666666667,16.6944444445625,77.25699593745941,0,13,14:00,17:30,3096.0,884.5714285714286,1.1743109388458226,3.5,10.880952380928571,"LINESTRING (-112.0940396 33.461977, -112.0985831 33.4619612)",1.3
1317,511,512,1/17/2016,1,1,1400_1800,4191.0,1047.75,62.604166666249995,16.734752638958664,0,0,none,none,1067.3333333333333,1065.3333333333333,3.926608369768895,<PSTW,62.722222222499994,"LINESTRING (-112.0940396 33.461977, -112.0985831 33.4619612)",1.3
1317,511,512,1/18/2016,1,1,1400_1800,4948.0,1237.0,49.138888889374996,27.6046827792806,8,13,16:00,17:30,1837.0000000000002,1224.6666666666667,2.6935220468154597,1.5,33.98148148333333,"LINESTRING (-112.0940396 33.461977, -112.0985831 33.4619612)",1.3
1317,511,512,1/19/2016,1,1,1400_1800,3933.333333333333,983.3333333333333,30.6041666671875,41.996734116455116,4,15,15:00,18:00,2709.0,903.0,1.4519502891595915,3.0,21.29629629625,"LINESTRING (-112.0940396 33.461977, -112.0985831 33.4619612)",1.3
1317,511,512,1/2/2016,1,1,1400_1800,4413.666666666667,1103.4166666666667,62.70138888875,17.599441157702792,0,0,none,none,1093.0,1152.0,4.038121378469046,<PSTW,62.4166666675,"LINESTRING (-112.0940396 33.461977, -112.0985831 33.4619612)",1.3
1317,511,512,1/20/2016,1,1,1400_1800,3693.6666666666665,923.4166666666666,27.2013888905,44.16666266056867,3,15,14:45,18:00,2788.3333333333335,857.948717948718,1.324686192468619,3.25,20.085470086769227,"LINESTRING (-112.0940396 33.461977, -112.0985831 33.4619612)",1.3
1317,511,512,1/21/2016,1,1,1400_1800,4024.0,1006.0,29.791666667312498,43.5648743176927,3,15,14:45,18:00,3125.666666666666,961.7435897435896,1.2874053535245817,3.25,22.88034188130769,"LINESTRING (-112.0940396 33.461977, -112.0985831 33.4619612)",1.3
1317,511,512,1/22/2016,1,1,1400_1800,4345.666666666666,1086.4166666666665,31.284722221875,42.45212436816985,3,15,14:45,18:00,3423.0,1053.2307692307693,1.2695491284448337,3.25,25.316239316153844,"LINESTRING (-112.0940396 33.461977, -112.0985831 33.4619612)",1.3
1317,511,512,1/23/2016,1,1,1400_1800,4588.333333333334,1147.0833333333335,56.305555555,20.74810616058619,0,0,none,none,1116.6666666666665,1225.3333333333333,4.108955223880598,<PSTW,49.97222222,"LINESTRING (-112.0940396 33.461977, -112.0985831 33.4619612)",1.3
1317,511,512,1/24/2016,1,1,1400_1800,4145.666666666667,1036.4166666666667,62.21527777875001,16.647160216641968,0,0,none,none,657.3333333333334,1040.0,6.306795131845842,<PSTW,60.592592593333336,"LINESTRING (-112.0940396 33.461977, -112.0985831 33.4619612)",1.3
1317,511,512,1/25/2016,1,1,1400_1800,3489.333333333333,872.3333333333333,30.833333333437498,40.6911147368359,6,15,15:30,18:00,1659.6666666666667,663.8666666666667,2.1024302068688487,2.5,14.277777777499997,"LINESTRING (-112.0940396 33.461977, -112.0985831 33.4619612)",1.3
1317,511,512,1/26/2016,1,1,1400_1800,3745.0000000000005,936.2500000000001,30.583333331875,38.40580695900093,4,15,15:00,18:00,2599.666666666666,866.5555555555553,1.4405693037568925,3.0,20.972222220833334,"LINESTRING (-112.0940396 33.461977, -112.0985831 33.4619612)",1.3
1317,511,512,1/27/2016,1,1,1400_1800,3871.0,967.75,30.0277777775,38.88266488236661,3,15,14:45,18:00,3011.6666666666665,926.6666666666666,1.2853348090758163,3.25,23.316239315384614,"LINESTRING (-112.0940396 33.461977, -112.0985831 33.4619612)",1.3
1317,511,512,1/28/2016,1,1,1400_1800,4492.0,1123.0,42.840277777500006,29.354707073287095,4,12,15:00,17:15,2498.0,1110.2222222222222,1.798238590872698,2.25,31.72839506111111,"LINESTRING (-112.0940396 33.461977, -112.0985831 33.4619612)",1.3
1317,511,512,1/29/2016,1,1,1400_1800,3792.3333333333335,948.0833333333334,23.322916667437504,46.898563914054414,0,15,14:00,18:00,3792.3333333333335,948.0833333333334,1.0,4.0,23.322916667437504,"LINESTRING (-112.0940396 33.461977, -112.0985831 33.4619612)",1.3
1317,511,512,1/3/2016,1,1,1400_1800,4153.0,1038.25,62.527777778125,16.604421321671232,0,0,none,none,991.0,1113.3333333333333,4.1907164480322905,<PSTW,61.805555555,"LINESTRING (-112.0940396 33.461977, -112.0985831 33.4619612)",1.3
1317,511,512,1/30/2016,1,1,1400_1800,4696.333333333334,1174.0833333333335,58.819444445,20.64276153499096,14,15,none,none,1008.3333333333335,1415.3333333333335,4.657520661157025,<PSTW,45.11111111,"LINESTRING (-112.0940396 33.461977, -112.0985831 33.4619612)",1.3
1317,511,512,1/31/2016,1,1,1400_1800,4272.333333333334,1068.0833333333335,62.305555555,17.1372245738688,0,0,none,none,1032.6666666666667,1076.0,4.13718528082634,<PSTW,62.0,"LINESTRING (-112.0940396 33.461977, -112.0985831 33.4619612)",1.3
1317,511,512,1/4/2016,1,1,1400_1800,4125.333333333334,1031.3333333333335,32.2847222221875,54.57759448627296,4,15,15:00,18:00,2952.666666666667,984.2222222222223,1.3971551140212237,3.0,22.435185185416668,"LINESTRING (-112.0940396 33.461977, -112.0985831 33.4619612)",1.3
1317,511,512,1/5/2016,1,1,1400_1800,3382.3333333333335,845.5833333333334,18.6944444435625,64.90000350297288,2,15,14:30,18:00,2824.0,806.8571428571429,1.197710103871577,3.5,12.960317459785715,"LINESTRING (-112.0940396 33.461977, -112.0985831 33.4619612)",1.3
1317,511,512,1/6/2016,1,1,1400_1800,4220.666666666666,1055.1666666666665,32.437499999375,42.5794532119628,4,15,15:00,18:00,2988.666666666667,996.2222222222223,1.4122239571715365,3.0,23.555555555,"LINESTRING (-112.0940396 33.461977, -112.0985831 33.4619612)",1.3
1317,511,512,1/7/2016,1,1,1400_1800,4131.333333333334,1032.8333333333335,26.791666666875003,68.68373970390176,5,15,15:15,18:00,2663.0,968.3636363636364,1.5513831518337717,2.75,12.616161616363637,"LINESTRING (-112.0940396 33.461977, -112.0985831 33.4619612)",1.3
1317,511,512,1/8/2016,1,1,1400_1800,4169.0,1042.25,27.465277777687497,51.26298586508141,3,15,14:45,18:00,3252.333333333333,1000.7179487179486,1.28184892897407,3.25,19.666666667153844,"LINESTRING (-112.0940396 33.461977, -112.0985831 33.4619612)",1.3
1317,511,512,1/9/2016,1,1,1400_1800,4555.0,1138.75,62.236111110625,18.299862285265718,0,0,none,none,833.3333333333334,1117.3333333333333,5.466,<PSTW,60.81481481333333,"LINESTRING (-112.0940396 33.461977, -112.0985831 33.4619612)",1.3
1317,511,512,2/1/2016,1,1,1400_1800,4374.333333333334,1093.5833333333335,31.541666667500003,43.739520636946025,4,15,15:00,18:00,3092.333333333334,1030.777777777778,1.4145736768351838,3.0,21.9814814825,"LINESTRING (-112.0940396 33.461977, -112.0985831 33.4619612)",1.3
1317,511,512,2/10/2016,1,1,1400_1800,3816.666666666667,954.1666666666667,29.881944445,39.28109007299406,3,15,14:45,18:00,2927.333333333333,900.7179487179486,1.3038032338874974,3.25,23.299145299230776,"LINESTRING (-112.0940396 33.461977, -112.0985831 33.4619612)",1.3
1317,511,512,2/11/2016,1,1,1400_1800,3716.333333333333,929.0833333333333,28.930555554375,39.180588416043705,4,15,15:00,18:00,2527.0,842.3333333333334,1.47065030998549,3.0,19.41666666583333,"LINESTRING (-112.0940396 33.461977, -112.0985831 33.4619612)",1.3
1317,511,512,2/12/2016,1,1,1400_1800,3720.333333333333,930.0833333333333,21.833333334000002,47.603729960209925,0,15,14:00,18:00,3720.333333333333,930.0833333333333,1.0,4.0,21.833333334000002,"LINESTRING (-112.0940396 33.461977, -112.0985831 33.4619612)",1.3
1317,511,512,2/13/2016,1,1,1400_1800,4557.0,1139.25,60.180555555000005,18.932384264209787,0,0,none,none,1083.3333333333333,1122.6666666666667,4.2064615384615385,<PSTW,59.916666664999994,"LINESTRING (-112.0940396 33.461977, -112.0985831 33.4619612)",1.3
1317,511,512,2/14/2016,1,1,1400_1800,4360.333333333333,1090.0833333333333,61.680555555625,17.67559269332252,0,0,none,none,1112.0000000000002,1105.3333333333333,3.9211630695443636,<PSTW,61.361111109999996,"LINESTRING (-112.0940396 33.461977, -112.0985831 33.4619612)",1.3
1317,511,512,2/15/2016,1,1,1400_1800,4322.333333333334,1080.5833333333335,33.10416666625,38.05837213612155,5,15,15:15,18:00,2734.6666666666665,994.4242424242424,1.580570453437348,2.75,22.34343434272727,"LINESTRING (-112.0940396 33.461977, -112.0985831 33.4619612)",1.3
1317,511,512,2/16/2016,1,1,1400_1800,3445.333333333333,861.3333333333333,27.5625000005625,38.61845648615529,3,15,14:45,18:00,2518.0,774.7692307692307,1.3682817050569234,3.25,20.239316240692304,"LINESTRING (-112.0940396 33.461977, -112.0985831 33.4619612)",1.3
1317,511,512,2/17/2016,1,1,1400_1800,3589.6666666666665,897.4166666666666,28.680555556250003,37.7821856970189,3,15,14:45,18:00,2712.3333333333335,834.5641025641027,1.3234607349145875,3.25,21.538461539230767,"LINESTRING (-112.0940396 33.461977, -112.0985831 33.4619612)",1.3
1317,511,512,2/18/2016,1,1,1400_1800,3710.6666666666665,927.6666666666666,29.319444445,38.1787755089386,3,15,14:45,18:00,2829.333333333333,870.5641025641024,1.3114985862393969,3.25,22.78632478769231,"LINESTRING (-112.0940396 33.461977, -112.0985831 33.4619612)",1.3
1317,511,512,2/19/2016,1,1,1400_1800,3813.3333333333335,953.3333333333334,23.54166666625,46.09513902938495,1,15,14:15,18:00,3487.333333333333,929.9555555555555,1.0934811699483848,3.75,21.51111111066667,"LINESTRING (-112.0940396 33.461977, -112.0985831 33.4619612)",1.3
1317,511,512,2/2/2016,1,1,1400_1800,3957.333333333333,989.3333333333333,32.618055555187496,38.438269973671176,4,15,15:00,18:00,2732.333333333333,910.7777777777777,1.448334756618275,3.0,23.15740740775,"LINESTRING (-112.0940396 33.461977, -112.0985831 33.4619612)",1.3
1317,511,512,2/20/2016,1,1,1400_1800,4792.0,1198.0,57.659722222499994,20.998315944310548,13,15,none,none,972.6666666666665,1296.8888888888887,4.926662097326937,<PSTW,48.62962962999999,"LINESTRING (-112.0940396 33.461977, -112.0985831 33.4619612)",1.3
1317,511,512,2/21/2016,1,1,1400_1800,4369.333333333333,1092.3333333333333,61.51388888875,17.7605235174846,0,0,none,none,821.0,1082.6666666666667,5.321965083231831,<PSTW,61.18518518333334,"LINESTRING (-112.0940396 33.461977, -112.0985831 33.4619612)",1.3
1317,511,512,2/22/2016,1,1,1400_1800,3617.0,904.25,30.090277778125,34.783550225366994,4,15,15:00,18:00,2459.0,819.6666666666666,1.4709231394875966,3.0,20.842592593333332,"LINESTRING (-112.0940396 33.461977, -112.0985831 33.4619612)",1.3
1317,511,512,2/23/2016,1,1,1400_1800,3893.6666666666665,973.4166666666666,30.3472222225,36.69955266079145,2,15,14:30,18:00,3282.666666666667,937.904761904762,1.1861291632818844,3.5,26.126984127142855,"LINESTRING (-112.0940396 33.461977, -112.0985831 33.4619612)",1.3
1317,511,512,2/24/2016,1,1,1400_1800,3271.3333333333335,817.8333333333334,25.7569444443125,38.69717352601353,2,15,14:30,18:00,2682.6666666666665,766.4761904761905,1.2194333996023858,3.5,21.039682539214287,"LINESTRING (-112.0940396 33.461977, -112.0985831 33.4619612)",1.3
1317,511,512,2/25/2016,1,1,1400_1800,3875.333333333333,968.8333333333333,30.291666666875003,36.471380208634535,3,15,14:45,18:00,2945.6666666666665,906.3589743589744,1.3156048432726037,3.25,24.05128205153846,"LINESTRING (-112.0940396 33.461977, -112.0985831 33.4619612)",1.3
1317,511,512,2/26/2016,1,1,1400_1800,3195.333333333333,798.8333333333333,19.895833333124997,46.25152649496994,1,15,14:15,18:00,2882.999999999999,768.7999999999997,1.1083362238409067,3.75,17.540740740666667,"LINESTRING (-112.0940396 33.461977, -112.0985831 33.4619612)",1.3
1317,511,512,2/27/2016,1,1,1400_1800,4723.666666666667,1180.9166666666667,59.513888889374996,19.847714728063934,0,0,none,none,1206.0,1134.6666666666667,3.9168048645660587,<PSTW,59.166666667499996,"LINESTRING (-112.0940396 33.461977, -112.0985831 33.4619612)",1.3
1317,511,512,2/28/2016,1,1,1400_1800,4399.333333333333,1099.8333333333333,61.4236111125,17.907963803239213,0,0,none,none,1076.0,1124.0,4.088599752168525,<PSTW,61.277777777500006,"LINESTRING (-112.0940396 33.461977, -112.0985831 33.4619612)",1.3
1317,511,512,2/29/2016,1,1,1400_1800,3544.3333333333335,886.0833333333334,28.729166666875,36.883535536224684,4,15,15:00,18:00,2342.3333333333335,780.7777777777778,1.5131635121673546,3.0,19.25925925916667,"LINESTRING (-112.0940396 33.461977, -112.0985831 33.4619612)",1.3
1317,511,512,2/3/2016,1,1,1400_1800,3479.6666666666665,869.9166666666666,20.9930555549375,49.5479261453194,1,15,14:15,18:00,3193.9999999999995,851.7333333333332,1.0894385305781675,3.75,18.3555555546,"LINESTRING (-112.0940396 33.461977, -112.0985831 33.4619612)",1.3
1317,511,512,2/4/2016,1,1,1400_1800,4070.0,1017.5,31.958333333124997,39.78686890659941,4,15,15:00,18:00,2891.0,963.6666666666666,1.4078173642338292,3.0,22.5370370375,"LINESTRING (-112.0940396 33.461977, -112.0985831 33.4619612)",1.3
1317,511,512,2/6/2016,1,1,1400_1800,4699.0,1174.75,62.166666666875,18.898142922256255,0,0,none,none,861.6666666666667,1165.3333333333333,5.453384912959381,<PSTW,60.55555555666667,"LINESTRING (-112.0940396 33.461977, -112.0985831 33.4619612)",1.3
1317,511,512,2/7/2016,1,1,1400_1800,4065.333333333333,1016.3333333333333,61.65277778,16.455382399107393,0,0,none,none,609.6666666666666,1020.0,6.668124658283215,<PSTW,59.40740741,"LINESTRING (-112.0940396 33.461977, -112.0985831 33.4619612)",1.3
1317,511,512,2/8/2016,1,1,1400_1800,3848.0,962.0,29.069444444999995,38.54681924279273,1,15,14:15,18:00,3547.6666666666665,946.0444444444444,1.0846565817908485,3.75,26.948148148666668,"LINESTRING (-112.0940396 33.461977, -112.0985831 33.4619612)",1.3
1317,511,512,2/9/2016,1,1,1400_1800,3667.333333333333,916.8333333333333,28.625,37.029814117752835,2,15,14:30,18:00,3094.666666666667,884.1904761904763,1.185049547608789,3.5,24.18253968285714,"LINESTRING (-112.0940396 33.461977, -112.0985831 33.4619612)",1.3
1348,451,463,1/1/2016,1,1,1400_1800,5042.25,1260.5625,67.390625,18.704261973264735,0,0,none,none,913.0,1312.0,5.5227272727272725,<PSTW,66.61111111000001,"LINESTRING (-112.0609673 33.462112, -112.0617174 33.4621463, -112.0623338 33.4621882, -112.0632268 33.4622428, -112.064023 33.4623037, -112.0648467 33.4623753, -112.0662387 33.4624926, -112.0669607 33.4625507, -112.0676811 33.4625982, -112.0683444 33.4626316, -112.0691769 33.4626029)",1.14
1348,451,463,1/10/2016,1,1,1400_1800,5860.75,1465.1875,66.11458333499999,22.16524943387425,0,0,none,none,1093.75,1463.0,5.3584,<PSTW,65.30555555666666,"LINESTRING (-112.0609673 33.462112, -112.0617174 33.4621463, -112.0623338 33.4621882, -112.0632268 33.4622428, -112.064023 33.4623037, -112.0648467 33.4623753, -112.0662387 33.4624926, -112.0669607 33.4625507, -112.0676811 33.4625982, -112.0683444 33.4626316, -112.0691769 33.4626029)",1.14
1348,451,463,1/11/2016,1,1,1400_1800,3495.75,1075.6153846153845,21.89743589769231,54.47508636765102,0,12,14:00,17:15,3495.75,1075.6153846153845,1.0,3.25,21.89743589769231,"LINESTRING (-112.0609673 33.462112, -112.0617174 33.4621463, -112.0623338 33.4621882, -112.0632268 33.4622428, -112.064023 33.4623037, -112.0648467 33.4623753, -112.0662387 33.4624926, -112.0669607 33.4625507, -112.0676811 33.4625982, -112.0683444 33.4626316, -112.0691769 33.4626029)",1.14
1348,451,463,1/12/2016,1,1,1400_1800,4534.0,1133.5,22.78645833275,64.95355710028096,2,15,14:30,18:00,3625.25,1035.7857142857142,1.2506723674229363,3.5,17.297619047428572,"LINESTRING (-112.0609673 33.462112, -112.0617174 33.4621463, -112.0623338 33.4621882, -112.0632268 33.4622428, -112.064023 33.4623037, -112.0648467 33.4623753, -112.0662387 33.4624926, -112.0669607 33.4625507, -112.0676811 33.4625982, -112.0683444 33.4626316, -112.0691769 33.4626029)",1.14
1348,451,463,1/13/2016,1,1,1400_1800,4642.0,1160.5,23.182291667687497,62.48947237920684,2,15,14:30,18:00,3722.75,1063.642857142857,1.246927674434222,3.5,17.696428572357142,"LINESTRING (-112.0609673 33.462112, -112.0617174 33.4621463, -112.0623338 33.4621882, -112.0632268 33.4622428, -112.064023 33.4623037, -112.0648467 33.4623753, -112.0662387 33.4624926, -112.0669607 33.4625507, -112.0676811 33.4625982, -112.0683444 33.4626316, -112.0691769 33.4626029)",1.14
1348,451,463,1/14/2016,1,1,1400_1800,4618.5,1154.625,23.281249999125002,65.90455785357679,3,15,14:45,18:00,3316.5,1020.4615384615385,1.3925825418362732,3.25,16.17948717892308,"LINESTRING (-112.0609673 33.462112, -112.0617174 33.4621463, -112.0623338 33.4621882, -112.0632268 33.4622428, -112.064023 33.4623037, -112.0648467 33.4623753, -112.0662387 33.4624926, -112.0669607 33.4625507, -112.0676811 33.4625982, -112.0683444 33.4626316, -112.0691769 33.4626029)",1.14
1348,451,463,1/15/2016,1,1,1400_1800,4201.5,1050.375,17.3385416658125,69.45391397829508,0,15,14:00,18:00,4201.5,1050.375,1.0,4.0,17.3385416658125,"LINESTRING (-112.0609673 33.462112, -112.0617174 33.4621463, -112.0623338 33.4621882, -112.0632268 33.4622428, -112.064023 33.4623037, -112.0648467 33.4623753, -112.0662387 33.4624926, -112.0669607 33.4625507, -112.0676811 33.4625982, -112.0683444 33.4626316, -112.0691769 33.4626029)",1.14
1348,451,463,1/16/2016,1,1,1400_1800,5128.0,1282.0,26.697916666250002,56.001706753296176,0,13,14:00,17:30,4436.75,1267.642857142857,1.1558009804473997,3.5,21.20833333285714,"LINESTRING (-112.0609673 33.462112, -112.0617174 33.4621463, -112.0623338 33.4621882, -112.0632268 33.4622428, -112.064023 33.4623037, -112.0648467 33.4623753, -112.0662387 33.4624926, -112.0669607 33.4625507, -112.0676811 33.4625982, -112.0683444 33.4626316, -112.0691769 33.4626029)",1.14
1348,451,463,1/17/2016,1,1,1400_1800,5947.75,1486.9375,65.911458333125,22.56241986451095,0,0,none,none,1392.75,1545.0,4.270507987793933,<PSTW,65.43749999750001,"LINESTRING (-112.0609673 33.462112, -112.0617174 33.4621463, -112.0623338 33.4621882, -112.0632268 33.4622428, -112.064023 33.4623037, -112.0648467 33.4623753, -112.0662387 33.4624926, -112.0669607 33.4625507, -112.0676811 33.4625982, -112.0683444 33.4626316, -112.0691769 33.4626029)",1.14
1348,451,463,1/18/2016,1,1,1400_1800,6393.75,1598.4375,44.744791666875,37.943498186947075,3,13,14:45,17:30,4286.25,1558.6363636363637,1.4916885389326333,2.75,37.992424241818185,"LINESTRING (-112.0609673 33.462112, -112.0617174 33.4621463, -112.0623338 33.4621882, -112.0632268 33.4622428, -112.064023 33.4623037, -112.0648467 33.4623753, -112.0662387 33.4624926, -112.0669607 33.4625507, -112.0676811 33.4625982, -112.0683444 33.4626316, -112.0691769 33.4626029)",1.14
1348,451,463,1/19/2016,1,1,1400_1800,4841.5,1210.375,22.479166667125,63.49247980394843,0,15,14:00,18:00,4841.5,1210.375,1.0,4.0,22.479166667125,"LINESTRING (-112.0609673 33.462112, -112.0617174 33.4621463, -112.0623338 33.4621882, -112.0632268 33.4622428, -112.064023 33.4623037, -112.0648467 33.4623753, -112.0662387 33.4624926, -112.0669607 33.4625507, -112.0676811 33.4625982, -112.0683444 33.4626316, -112.0691769 33.4626029)",1.14
1348,451,463,1/2/2016,1,1,1400_1800,6267.75,1566.9375,66.140624999375,23.689969560523373,0,0,none,none,1105.75,1620.0,5.6683246665159395,<PSTW,65.80555555333335,"LINESTRING (-112.0609673 33.462112, -112.0617174 33.4621463, -112.0623338 33.4621882, -112.0632268 33.4622428, -112.064023 33.4623037, -112.0648467 33.4623753, -112.0662387 33.4624926, -112.0669607 33.4625507, -112.0676811 33.4625982, -112.0683444 33.4626316, -112.0691769 33.4626029)",1.14
1348,451,463,1/20/2016,1,1,1400_1800,4631.75,1157.9375,22.21354166525,66.47866705881162,2,15,14:30,18:00,3711.25,1060.357142857143,1.248029639609296,3.5,16.96428571242857,"LINESTRING (-112.0609673 33.462112, -112.0617174 33.4621463, -112.0623338 33.4621882, -112.0632268 33.4622428, -112.064023 33.4623037, -112.0648467 33.4623753, -112.0662387 33.4624926, -112.0669607 33.4625507, -112.0676811 33.4625982, -112.0683444 33.4626316, -112.0691769 33.4626029)",1.14
1348,451,463,1/21/2016,1,1,1400_1800,4758.5,1189.625,24.671875000625,61.66007807134342,2,15,14:30,18:00,3882.5,1109.2857142857142,1.2256278171281392,3.5,19.60119047642857,"LINESTRING (-112.0609673 33.462112, -112.0617174 33.4621463, -112.0623338 33.4621882, -112.0632268 33.4622428, -112.064023 33.4623037, -112.0648467 33.4623753, -112.0662387 33.4624926, -112.0669607 33.4625507, -112.0676811 33.4625982, -112.0683444 33.4626316, -112.0691769 33.4626029)",1.14
1348,451,463,1/22/2016,1,1,1400_1800,4995.5,1248.875,23.203125,58.49339282454719,0,15,14:00,18:00,4995.5,1248.875,1.0,4.0,23.203125,"LINESTRING (-112.0609673 33.462112, -112.0617174 33.4621463, -112.0623338 33.4621882, -112.0632268 33.4622428, -112.064023 33.4623037, -112.0648467 33.4623753, -112.0662387 33.4624926, -112.0669607 33.4625507, -112.0676811 33.4625982, -112.0683444 33.4626316, -112.0691769 33.4626029)",1.14
1348,451,463,1/23/2016,1,1,1400_1800,6582.0,1645.5,48.291666666249995,35.821866288826556,4,13,15:00,17:30,3983.0,1593.2,1.6525232237007281,2.5,39.983333333,"LINESTRING (-112.0609673 33.462112, -112.0617174 33.4621463, -112.0623338 33.4621882, -112.0632268 33.4622428, -112.064023 33.4623037, -112.0648467 33.4623753, -112.0662387 33.4624926, -112.0669607 33.4625507, -112.0676811 33.4625982, -112.0683444 33.4626316, -112.0691769 33.4626029)",1.14
1348,451,463,1/24/2016,1,1,1400_1800,5625.5,1406.375,66.89062499875001,21.033588328074615,0,0,none,none,1329.0,1495.0,4.2328818660647105,<PSTW,66.291666665,"LINESTRING (-112.0609673 33.462112, -112.0617174 33.4621463, -112.0623338 33.4621882, -112.0632268 33.4622428, -112.064023 33.4623037, -112.0648467 33.4623753, -112.0662387 33.4624926, -112.0669607 33.4625507, -112.0676811 33.4625982, -112.0683444 33.4626316, -112.0691769 33.4626029)",1.14
1348,451,463,1/25/2016,1,1,1400_1800,4483.5,1120.875,22.5052083335,70.26832992894987,3,15,14:45,18:00,3133.5,964.1538461538462,1.430828147438966,3.25,14.08333333353846,"LINESTRING (-112.0609673 33.462112, -112.0617174 33.4621463, -112.0623338 33.4621882, -112.0632268 33.4622428, -112.064023 33.4623037, -112.0648467 33.4623753, -112.0662387 33.4624926, -112.0669607 33.4625507, -112.0676811 33.4625982, -112.0683444 33.4626316, -112.0691769 33.4626029)",1.14
1348,451,463,1/26/2016,1,1,1400_1800,4715.0,1178.75,24.677083333125,60.164932064615535,2,15,14:30,18:00,3809.75,1088.5,1.2376140166677603,3.5,19.58928571428572,"LINESTRING (-112.0609673 33.462112, -112.0617174 33.4621463, -112.0623338 33.4621882, -112.0632268 33.4622428, -112.064023 33.4623037, -112.0648467 33.4623753, -112.0662387 33.4624926, -112.0669607 33.4625507, -112.0676811 33.4625982, -112.0683444 33.4626316, -112.0691769 33.4626029)",1.14
1348,451,463,1/27/2016,1,1,1400_1800,4833.25,1208.3125,23.6562500000625,62.72328513266855,2,15,14:30,18:00,3914.25,1118.357142857143,1.2347831640799642,3.5,18.22023809507143,"LINESTRING (-112.0609673 33.462112, -112.0617174 33.4621463, -112.0623338 33.4621882, -112.0632268 33.4622428, -112.064023 33.4623037, -112.0648467 33.4623753, -112.0662387 33.4624926, -112.0669607 33.4625507, -112.0676811 33.4625982, -112.0683444 33.4626316, -112.0691769 33.4626029)",1.14
1348,451,463,1/28/2016,1,1,1400_1800,5407.25,1351.8125,38.130208333125,44.297231386034454,3,11,14:45,17:00,2822.5,1254.4444444444443,1.9157661647475641,2.25,22.97222222222222,"LINESTRING (-112.0609673 33.462112, -112.0617174 33.4621463, -112.0623338 33.4621882, -112.0632268 33.4622428, -112.064023 33.4623037, -112.0648467 33.4623753, -112.0662387 33.4624926, -112.0669607 33.4625507, -112.0676811 33.4625982, -112.0683444 33.4626316, -112.0691769 33.4626029)",1.14
1348,451,463,1/29/2016,1,1,1400_1800,4307.5,1076.875,19.45052083375,61.20754560657808,1,15,14:15,18:00,3884.75,1035.9333333333334,1.1088229615805394,3.75,17.286111111333337,"LINESTRING (-112.0609673 33.462112, -112.0617174 33.4621463, -112.0623338 33.4621882, -112.0632268 33.4622428, -112.064023 33.4623037, -112.0648467 33.4623753, -112.0662387 33.4624926, -112.0669607 33.4625507, -112.0676811 33.4625982, -112.0683444 33.4626316, -112.0691769 33.4626029)",1.14
1348,451,463,1/3/2016,1,1,1400_1800,5744.0,1436.0,67.484375000625,21.282829435404658,0,0,none,none,1015.25,1642.0,5.657719773454814,<PSTW,66.83333333333333,"LINESTRING (-112.0609673 33.462112, -112.0617174 33.4621463, -112.0623338 33.4621882, -112.0632268 33.4622428, -112.064023 33.4623037, -112.0648467 33.4623753, -112.0662387 33.4624926, -112.0669607 33.4625507, -112.0676811 33.4625982, -112.0683444 33.4626316, -112.0691769 33.4626029)",1.14
1348,451,463,1/30/2016,1,1,1400_1800,6237.75,1559.4375,61.479166666875,25.79770875382337,15,15,none,none,1169.25,1577.0,5.334830019243104,<PSTW,51.05555555666666,"LINESTRING (-112.0609673 33.462112, -112.0617174 33.4621463, -112.0623338 33.4621882, -112.0632268 33.4622428, -112.064023 33.4623037, -112.0648467 33.4623753, -112.0662387 33.4624926, -112.0669607 33.4625507, -112.0676811 33.4625982, -112.0683444 33.4626316, -112.0691769 33.4626029)",1.14
1348,451,463,1/31/2016,1,1,1400_1800,5952.0,1488.0,66.4427083325,22.39969805883578,0,0,none,none,1376.25,1521.0,4.324795640326975,<PSTW,65.75,"LINESTRING (-112.0609673 33.462112, -112.0617174 33.4621463, -112.0623338 33.4621882, -112.0632268 33.4622428, -112.064023 33.4623037, -112.0648467 33.4623753, -112.0662387 33.4624926, -112.0669607 33.4625507, -112.0676811 33.4625982, -112.0683444 33.4626316, -112.0691769 33.4626029)",1.14
1348,451,463,1/4/2016,1,1,1400_1800,5069.5,1267.375,31.953125000625,54.719197510784355,6,15,15:30,18:00,2562.25,1024.9,1.9785344911698701,2.5,15.941666667000002,"LINESTRING (-112.0609673 33.462112, -112.0617174 33.4621463, -112.0623338 33.4621882, -112.0632268 33.4622428, -112.064023 33.4623037, -112.0648467 33.4623753, -112.0662387 33.4624926, -112.0669607 33.4625507, -112.0676811 33.4625982, -112.0683444 33.4626316, -112.0691769 33.4626029)",1.14
1348,451,463,1/5/2016,1,1,1400_1800,3916.25,979.0625,15.7604166669375,74.63801962234442,0,15,14:00,18:00,3916.25,979.0625,1.0,4.0,15.7604166669375,"LINESTRING (-112.0609673 33.462112, -112.0617174 33.4621463, -112.0623338 33.4621882, -112.0632268 33.4622428, -112.064023 33.4623037, -112.0648467 33.4623753, -112.0662387 33.4624926, -112.0669607 33.4625507, -112.0676811 33.4625982, -112.0683444 33.4626316, -112.0691769 33.4626029)",1.14
1348,451,463,1/6/2016,1,1,1400_1800,4983.75,1245.9375,25.802083333125,58.607096358237726,1,15,14:15,18:00,4543.75,1211.6666666666667,1.0968363136176067,3.75,23.35555555533334,"LINESTRING (-112.0609673 33.462112, -112.0617174 33.4621463, -112.0623338 33.4621882, -112.0632268 33.4622428, -112.064023 33.4623037, -112.0648467 33.4623753, -112.0662387 33.4624926, -112.0669607 33.4625507, -112.0676811 33.4625982, -112.0683444 33.4626316, -112.0691769 33.4626029)",1.14
1348,451,463,1/7/2016,1,1,1400_1800,4785.5,1196.375,28.515625,57.221437313672745,3,15,14:45,18:00,3527.75,1085.4615384615386,1.3565303663808377,3.25,20.294871794615386,"LINESTRING (-112.0609673 33.462112, -112.0617174 33.4621463, -112.0623338 33.4621882, -112.0632268 33.4622428, -112.064023 33.4623037, -112.0648467 33.4623753, -112.0662387 33.4624926, -112.0669607 33.4625507, -112.0676811 33.4625982, -112.0683444 33.4626316, -112.0691769 33.4626029)",1.14
1348,451,463,1/8/2016,1,1,1400_1800,4504.25,1126.0625,24.479166666875,59.390532001346415,3,15,14:45,18:00,3435.0,1056.923076923077,1.3112809315866085,3.25,17.48076923076923,"LINESTRING (-112.0609673 33.462112, -112.0617174 33.4621463, -112.0623338 33.4621882, -112.0632268 33.4622428, -112.064023 33.4623037, -112.0648467 33.4623753, -112.0662387 33.4624926, -112.0669607 33.4625507, -112.0676811 33.4625982, -112.0683444 33.4626316, -112.0691769 33.4626029)",1.14
1348,451,463,1/9/2016,1,1,1400_1800,6455.25,1613.8125,48.812500000625,35.44389433973756,9,15,16:15,18:00,2595.75,1483.2857142857142,2.486853510546085,1.75,34.90476190714286,"LINESTRING (-112.0609673 33.462112, -112.0617174 33.4621463, -112.0623338 33.4621882, -112.0632268 33.4622428, -112.064023 33.4623037, -112.0648467 33.4623753, -112.0662387 33.4624926, -112.0669607 33.4625507, -112.0676811 33.4625982, -112.0683444 33.4626316, -112.0691769 33.4626029)",1.14
1348,451,463,2/1/2016,1,1,1400_1800,5239.25,1309.8125,27.8697916675,55.959928662807904,3,15,14:45,18:00,3893.25,1197.923076923077,1.3457265780517562,3.25,20.147435897692308,"LINESTRING (-112.0609673 33.462112, -112.0617174 33.4621463, -112.0623338 33.4621882, -112.0632268 33.4622428, -112.064023 33.4623037, -112.0648467 33.4623753, -112.0662387 33.4624926, -112.0669607 33.4625507, -112.0676811 33.4625982, -112.0683444 33.4626316, -112.0691769 33.4626029)",1.14
1348,451,463,2/10/2016,1,1,1400_1800,4898.75,1224.6875,24.296874999375,59.15368239514882,2,15,14:30,18:00,4010.25,1145.7857142857142,1.2215572595224737,3.5,19.79761904714286,"LINESTRING (-112.0609673 33.462112, -112.0617174 33.4621463, -112.0623338 33.4621882, -112.0632268 33.4622428, -112.064023 33.4623037, -112.0648467 33.4623753, -112.0662387 33.4624926, -112.0669607 33.4625507, -112.0676811 33.4625982, -112.0683444 33.4626316, -112.0691769 33.4626029)",1.14
1348,451,463,2/11/2016,1,1,1400_1800,4653.25,1163.3125,22.052083334375002,64.32029870499471,1,15,14:15,18:00,4227.5,1127.3333333333333,1.1007096392667062,3.75,19.605555556666665,"LINESTRING (-112.0609673 33.462112, -112.0617174 33.4621463, -112.0623338 33.4621882, -112.0632268 33.4622428, -112.064023 33.4623037, -112.0648467 33.4623753, -112.0662387 33.4624926, -112.0669607 33.4625507, -112.0676811 33.4625982, -112.0683444 33.4626316, -112.0691769 33.4626029)",1.14
1348,451,463,2/12/2016,1,1,1400_1800,4260.0,1065.0,17.2760416675,66.2026524514819,0,15,14:00,18:00,4260.0,1065.0,1.0,4.0,17.2760416675,"LINESTRING (-112.0609673 33.462112, -112.0617174 33.4621463, -112.0623338 33.4621882, -112.0632268 33.4622428, -112.064023 33.4623037, -112.0648467 33.4623753, -112.0662387 33.4624926, -112.0669607 33.4625507, -112.0676811 33.4625982, -112.0683444 33.4626316, -112.0691769 33.4626029)",1.14
1348,451,463,2/13/2016,1,1,1400_1800,6799.25,1699.8125,55.916666666875,30.5980086576983,8,8,none,none,1706.25,1633.0,3.984908424908425,<PSTW,51.3125,"LINESTRING (-112.0609673 33.462112, -112.0617174 33.4621463, -112.0623338 33.4621882, -112.0632268 33.4622428, -112.064023 33.4623037, -112.0648467 33.4623753, -112.0662387 33.4624926, -112.0669607 33.4625507, -112.0676811 33.4625982, -112.0683444 33.4626316, -112.0691769 33.4626029)",1.14
1348,451,463,2/14/2016,1,1,1400_1800,6307.25,1576.8125,64.53124999875,24.49217902258933,0,0,none,none,1602.0,1665.0,3.9371098626716603,<PSTW,62.145833332500004,"LINESTRING (-112.0609673 33.462112, -112.0617174 33.4621463, -112.0623338 33.4621882, -112.0632268 33.4622428, -112.064023 33.4623037, -112.0648467 33.4623753, -112.0662387 33.4624926, -112.0669607 33.4625507, -112.0676811 33.4625982, -112.0683444 33.4626316, -112.0691769 33.4626029)",1.14
1348,451,463,2/15/2016,1,1,1400_1800,5518.0,1379.5,30.630208333125,50.60135785425176,3,15,14:45,18:00,4243.0,1305.5384615384614,1.3004949328305444,3.25,25.602564102307692,"LINESTRING (-112.0609673 33.462112, -112.0617174 33.4621463, -112.0623338 33.4621882, -112.0632268 33.4622428, -112.064023 33.4623037, -112.0648467 33.4623753, -112.0662387 33.4624926, -112.0669607 33.4625507, -112.0676811 33.4625982, -112.0683444 33.4626316, -112.0691769 33.4626029)",1.14
1348,451,463,2/16/2016,1,1,1400_1800,4575.5,1143.875,22.0416666675,68.72563405594383,1,15,14:15,18:00,4123.25,1099.5333333333333,1.1096828957739646,3.75,19.39444444533333,"LINESTRING (-112.0609673 33.462112, -112.0617174 33.4621463, -112.0623338 33.4621882, -112.0632268 33.4622428, -112.064023 33.4623037, -112.0648467 33.4623753, -112.0662387 33.4624926, -112.0669607 33.4625507, -112.0676811 33.4625982, -112.0683444 33.4626316, -112.0691769 33.4626029)",1.14
1348,451,463,2/17/2016,1,1,1400_1800,4688.5,1172.125,21.7083333320625,64.12794172533722,0,15,14:00,18:00,4688.5,1172.125,1.0,4.0,21.7083333320625,"LINESTRING (-112.0609673 33.462112, -112.0617174 33.4621463, -112.0623338 33.4621882, -112.0632268 33.4622428, -112.064023 33.4623037, -112.0648467 33.4623753, -112.0662387 33.4624926, -112.0669607 33.4625507, -112.0676811 33.4625982, -112.0683444 33.4626316, -112.0691769 33.4626029)",1.14
1348,451,463,2/18/2016,1,1,1400_1800,4524.0,1131.0,19.63541666625,63.70376681716999,0,15,14:00,18:00,4524.0,1131.0,1.0,4.0,19.63541666625,"LINESTRING (-112.0609673 33.462112, -112.0617174 33.4621463, -112.0623338 33.4621882, -112.0632268 33.4622428, -112.064023 33.4623037, -112.0648467 33.4623753, -112.0662387 33.4624926, -112.0669607 33.4625507, -112.0676811 33.4625982, -112.0683444 33.4626316, -112.0691769 33.4626029)",1.14
1348,451,463,2/19/2016,1,1,1400_1800,4463.0,1115.75,19.07291666625,62.61240841774152,0,15,14:00,18:00,4463.0,1115.75,1.0,4.0,19.07291666625,"LINESTRING (-112.0609673 33.462112, -112.0617174 33.4621463, -112.0623338 33.4621882, -112.0632268 33.4622428, -112.064023 33.4623037, -112.0648467 33.4623753, -112.0662387 33.4624926, -112.0669607 33.4625507, -112.0676811 33.4625982, -112.0683444 33.4626316, -112.0691769 33.4626029)",1.14
1348,451,463,2/2/2016,1,1,1400_1800,4871.25,1217.8125,26.140625000187498,58.61503842548074,1,15,14:15,18:00,4429.25,1181.1333333333334,1.0997911610317774,3.75,24.00555555553333,"LINESTRING (-112.0609673 33.462112, -112.0617174 33.4621463, -112.0623338 33.4621882, -112.0632268 33.4622428, -112.064023 33.4623037, -112.0648467 33.4623753, -112.0662387 33.4624926, -112.0669607 33.4625507, -112.0676811 33.4625982, -112.0683444 33.4626316, -112.0691769 33.4626029)",1.14
1348,451,463,2/20/2016,1,1,1400_1800,6428.75,1607.1875,43.239583333125,38.50528848416502,5,15,15:15,18:00,4317.75,1570.090909090909,1.4889120490996468,2.75,37.674242424545454,"LINESTRING (-112.0609673 33.462112, -112.0617174 33.4621463, -112.0623338 33.4621882, -112.0632268 33.4622428, -112.064023 33.4623037, -112.0648467 33.4623753, -112.0662387 33.4624926, -112.0669607 33.4625507, -112.0676811 33.4625982, -112.0683444 33.4626316, -112.0691769 33.4626029)",1.14
1348,451,463,2/21/2016,1,1,1400_1800,6478.75,1619.6875,65.07291666750001,24.899659612422752,0,0,none,none,1703.25,1656.0,3.803757522383678,<PSTW,64.6875000025,"LINESTRING (-112.0609673 33.462112, -112.0617174 33.4621463, -112.0623338 33.4621882, -112.0632268 33.4622428, -112.064023 33.4623037, -112.0648467 33.4623753, -112.0662387 33.4624926, -112.0669607 33.4625507, -112.0676811 33.4625982, -112.0683444 33.4626316, -112.0691769 33.4626029)",1.14
1348,451,463,2/22/2016,1,1,1400_1800,4448.75,1112.1875,17.036458333312503,69.73341089496347,0,15,14:00,18:00,4448.75,1112.1875,1.0,4.0,17.036458333312503,"LINESTRING (-112.0609673 33.462112, -112.0617174 33.4621463, -112.0623338 33.4621882, -112.0632268 33.4622428, -112.064023 33.4623037, -112.0648467 33.4623753, -112.0662387 33.4624926, -112.0669607 33.4625507, -112.0676811 33.4625982, -112.0683444 33.4626316, -112.0691769 33.4626029)",1.14
1348,451,463,2/23/2016,1,1,1400_1800,4753.0,1188.25,24.7343749995625,58.74227746622283,2,15,14:30,18:00,3917.25,1119.2142857142858,1.2133512030123172,3.5,19.42261904735714,"LINESTRING (-112.0609673 33.462112, -112.0617174 33.4621463, -112.0623338 33.4621882, -112.0632268 33.4622428, -112.064023 33.4623037, -112.0648467 33.4623753, -112.0662387 33.4624926, -112.0669607 33.4625507, -112.0676811 33.4625982, -112.0683444 33.4626316, -112.0691769 33.4626029)",1.14
1348,451,463,2/24/2016,1,1,1400_1800,4269.5,1067.375,19.4374999998125,66.20869931415196,0,15,14:00,18:00,4269.5,1067.375,1.0,4.0,19.4374999998125,"LINESTRING (-112.0609673 33.462112, -112.0617174 33.4621463, -112.0623338 33.4621882, -112.0632268 33.4622428, -112.064023 33.4623037, -112.0648467 33.4623753, -112.0662387 33.4624926, -112.0669607 33.4625507, -112.0676811 33.4625982, -112.0683444 33.4626316, -112.0691769 33.4626029)",1.14
1348,451,463,2/25/2016,1,1,1400_1800,4751.5,1187.875,23.729166666875,60.66132387671586,0,15,14:00,18:00,4751.5,1187.875,1.0,4.0,23.729166666875,"LINESTRING (-112.0609673 33.462112, -112.0617174 33.4621463, -112.0623338 33.4621882, -112.0632268 33.4622428, -112.064023 33.4623037, -112.0648467 33.4623753, -112.0662387 33.4624926, -112.0669607 33.4625507, -112.0676811 33.4625982, -112.0683444 33.4626316, -112.0691769 33.4626029)",1.14
1348,451,463,2/26/2016,1,1,1400_1800,4019.25,1004.8125,15.145833333125001,73.72536204647326,0,15,14:00,18:00,4019.25,1004.8125,1.0,4.0,15.145833333125001,"LINESTRING (-112.0609673 33.462112, -112.0617174 33.4621463, -112.0623338 33.4621882, -112.0632268 33.4622428, -112.064023 33.4623037, -112.0648467 33.4623753, -112.0662387 33.4624926, -112.0669607 33.4625507, -112.0676811 33.4625982, -112.0683444 33.4626316, -112.0691769 33.4626029)",1.14
1348,451,463,2/27/2016,1,1,1400_1800,6329.5,1582.375,45.197916666875,36.409430690337025,8,13,16:00,17:30,2266.0,1510.6666666666667,2.7932480141218003,1.5,39.13888889,"LINESTRING (-112.0609673 33.462112, -112.0617174 33.4621463, -112.0623338 33.4621882, -112.0632268 33.4622428, -112.064023 33.4623037, -112.0648467 33.4623753, -112.0662387 33.4624926, -112.0669607 33.4625507, -112.0676811 33.4625982, -112.0683444 33.4626316, -112.0691769 33.4626029)",1.14
1348,451,463,2/28/2016,1,1,1400_1800,6346.0,1586.5,63.578125,25.003991542934337,10,10,none,none,1530.5,1301.0,4.146357399542633,<PSTW,58.375,"LINESTRING (-112.0609673 33.462112, -112.0617174 33.4621463, -112.0623338 33.4621882, -112.0632268 33.4622428, -112.064023 33.4623037, -112.0648467 33.4623753, -112.0662387 33.4624926, -112.0669607 33.4625507, -112.0676811 33.4625982, -112.0683444 33.4626316, -112.0691769 33.4626029)",1.14
1348,451,463,2/29/2016,1,1,1400_1800,4680.0,1170.0,21.3385416675,65.78843397112536,1,15,14:15,18:00,4238.25,1130.2,1.1042293399398337,3.75,19.233333334,"LINESTRING (-112.0609673 33.462112, -112.0617174 33.4621463, -112.0623338 33.4621882, -112.0632268 33.4622428, -112.064023 33.4623037, -112.0648467 33.4623753, -112.0662387 33.4624926, -112.0669607 33.4625507, -112.0676811 33.4625982, -112.0683444 33.4626316, -112.0691769 33.4626029)",1.14
1348,451,463,2/3/2016,1,1,1400_1800,4185.75,1046.4375,17.557291666687497,68.7448330830135,0,15,14:00,18:00,4185.75,1046.4375,1.0,4.0,17.557291666687497,"LINESTRING (-112.0609673 33.462112, -112.0617174 33.4621463, -112.0623338 33.4621882, -112.0632268 33.4622428, -112.064023 33.4623037, -112.0648467 33.4623753, -112.0662387 33.4624926, -112.0669607 33.4625507, -112.0676811 33.4625982, -112.0683444 33.4626316, -112.0691769 33.4626029)",1.14
1348,451,463,2/4/2016,1,1,1400_1800,4884.0,1221.0,23.270833333749998,62.78155846728233,3,15,14:45,18:00,3549.75,1092.2307692307693,1.3758715402493134,3.25,16.91666666692308,"LINESTRING (-112.0609673 33.462112, -112.0617174 33.4621463, -112.0623338 33.4621882, -112.0632268 33.4622428, -112.064023 33.4623037, -112.0648467 33.4623753, -112.0662387 33.4624926, -112.0669607 33.4625507, -112.0676811 33.4625982, -112.0683444 33.4626316, -112.0691769 33.4626029)",1.14
1348,451,463,2/6/2016,1,1,1400_1800,6918.25,1729.5625,60.177083332500004,28.798201010718973,0,0,none,none,1834.5,1805.0,3.771191060234396,<PSTW,58.9375,"LINESTRING (-112.0609673 33.462112, -112.0617174 33.4621463, -112.0623338 33.4621882, -112.0632268 33.4622428, -112.064023 33.4623037, -112.0648467 33.4623753, -112.0662387 33.4624926, -112.0669607 33.4625507, -112.0676811 33.4625982, -112.0683444 33.4626316, -112.0691769 33.4626029)",1.14
1348,451,463,2/7/2016,1,1,1400_1800,5775.25,1443.8125,66.927083333125,21.59942211680365,0,0,none,none,1652.25,1578.0,3.4953850809502196,<PSTW,66.16666666500001,"LINESTRING (-112.0609673 33.462112, -112.0617174 33.4621463, -112.0623338 33.4621882, -112.0632268 33.4622428, -112.064023 33.4623037, -112.0648467 33.4623753, -112.0662387 33.4624926, -112.0669607 33.4625507, -112.0676811 33.4625982, -112.0683444 33.4626316, -112.0691769 33.4626029)",1.14
1348,451,463,2/8/2016,1,1,1400_1800,5104.25,1276.0625,25.598958334375,57.91970626760535,2,15,14:30,18:00,4182.0,1194.857142857143,1.2205284552845528,3.5,20.70238095357143,"LINESTRING (-112.0609673 33.462112, -112.0617174 33.4621463, -112.0623338 33.4621882, -112.0632268 33.4622428, -112.064023 33.4623037, -112.0648467 33.4623753, -112.0662387 33.4624926, -112.0669607 33.4625507, -112.0676811 33.4625982, -112.0683444 33.4626316, -112.0691769 33.4626029)",1.14
1348,451,463,2/9/2016,1,1,1400_1800,4799.0,1199.75,24.609375,61.552609353542024,2,15,14:30,18:00,3933.75,1123.9285714285713,1.2199555131871624,3.5,19.630952380714287,"LINESTRING (-112.0609673 33.462112, -112.0617174 33.4621463, -112.0623338 33.4621882, -112.0632268 33.4622428, -112.064023 33.4623037, -112.0648467 33.4623753, -112.0662387 33.4624926, -112.0669607 33.4625507, -112.0676811 33.4625982, -112.0683444 33.4626316, -112.0691769 33.4626029)",1.14
1350,450,427,1/1/2016,1,1,1400_1800,4240.799999999999,1060.1999999999998,68.300000000625,15.523245082660303,0,0,none,none,785.4,1081.6,5.399541634835752,<PSTW,66.68888889,"LINESTRING (-112.0467187 33.4622253, -112.0481002 33.4622357, -112.0509313 33.4622696, -112.0516041 33.4622718, -112.0529486 33.4622171, -112.0536954 33.4621748, -112.0543988 33.4621421)",1.11
1350,450,427,1/10/2016,1,1,1400_1800,5118.4,1279.6,66.466666666875,19.257427857941664,0,0,none,none,1294.0,1284.8,3.95548686244204,<PSTW,65.4333333325,"LINESTRING (-112.0467187 33.4622253, -112.0481002 33.4622357, -112.0509313 33.4622696, -112.0516041 33.4622718, -112.0529486 33.4622171, -112.0536954 33.4621748, -112.0543988 33.4621421)",1.11
1350,450,427,1/11/2016,1,1,1400_1800,3465.7999999999997,1066.3999999999999,34.45641025538462,37.6075731213765,0,10,14:00,16:45,2980.0,1083.6363636363637,1.1630201342281878,2.75,29.187878787272727,"LINESTRING (-112.0467187 33.4622253, -112.0481002 33.4622357, -112.0509313 33.4622696, -112.0516041 33.4622718, -112.0529486 33.4622171, -112.0536954 33.4621748, -112.0543988 33.4621421)",1.11
1350,450,427,1/12/2016,1,1,1400_1800,4559.4,1139.85,24.8,58.05079715758961,2,15,14:30,18:00,3775.3999999999996,1078.685714285714,1.207660115484452,3.5,19.466666666428573,"LINESTRING (-112.0467187 33.4622253, -112.0481002 33.4622357, -112.0509313 33.4622696, -112.0516041 33.4622718, -112.0529486 33.4622171, -112.0536954 33.4621748, -112.0543988 33.4621421)",1.11
1350,450,427,1/13/2016,1,1,1400_1800,4647.799999999999,1161.9499999999998,25.075,55.94889802153225,2,15,14:30,18:00,3845.4,1098.6857142857143,1.2086648983200705,3.5,19.909523809285712,"LINESTRING (-112.0467187 33.4622253, -112.0481002 33.4622357, -112.0509313 33.4622696, -112.0516041 33.4622718, -112.0529486 33.4622171, -112.0536954 33.4621748, -112.0543988 33.4621421)",1.11
1350,450,427,1/14/2016,1,1,1400_1800,4619.6,1154.9,22.9458333329375,60.334923884779606,1,15,14:15,18:00,4209.2,1122.4533333333334,1.0975007127245084,3.75,20.47555555513333,"LINESTRING (-112.0467187 33.4622253, -112.0481002 33.4622357, -112.0509313 33.4622696, -112.0516041 33.4622718, -112.0529486 33.4622171, -112.0536954 33.4621748, -112.0543988 33.4621421)",1.11
1350,450,427,1/15/2016,1,1,1400_1800,4319.4,1079.85,19.12083333375,61.592555279175116,0,15,14:00,18:00,4319.4,1079.85,1.0,4.0,19.12083333375,"LINESTRING (-112.0467187 33.4622253, -112.0481002 33.4622357, -112.0509313 33.4622696, -112.0516041 33.4622718, -112.0529486 33.4622171, -112.0536954 33.4621748, -112.0543988 33.4621421)",1.11
1350,450,427,1/16/2016,1,1,1400_1800,5404.2,1351.05,35.7166666675,43.66538582784792,0,12,14:00,17:15,4487.8,1380.8615384615384,1.2041980480413566,3.25,28.892307693076926,"LINESTRING (-112.0467187 33.4622253, -112.0481002 33.4622357, -112.0509313 33.4622696, -112.0516041 33.4622718, -112.0529486 33.4622171, -112.0536954 33.4621748, -112.0543988 33.4621421)",1.11
1350,450,427,1/17/2016,1,1,1400_1800,5065.8,1266.45,66.329166666875,19.09929630599196,0,0,none,none,1188.3999999999999,1359.2,4.262706159542242,<PSTW,65.78333333249999,"LINESTRING (-112.0467187 33.4622253, -112.0481002 33.4622357, -112.0509313 33.4622696, -112.0516041 33.4622718, -112.0529486 33.4622171, -112.0536954 33.4621748, -112.0543988 33.4621421)",1.11
1350,450,427,1/18/2016,1,1,1400_1800,5730.6,1432.65,44.083333332500004,37.20749603856994,3,12,14:45,17:15,3581.6,1432.6399999999999,1.6000111681929865,2.5,32.533333332999995,"LINESTRING (-112.0467187 33.4622253, -112.0481002 33.4622357, -112.0509313 33.4622696, -112.0516041 33.4622718, -112.0529486 33.4622171, -112.0536954 33.4621748, -112.0543988 33.4621421)",1.11
1350,450,427,1/19/2016,1,1,1400_1800,4931.799999999999,1232.9499999999998,24.8125,57.03814992867228,1,15,14:15,18:00,4542.599999999999,1211.36,1.0856778056619556,3.75,22.480000000000004,"LINESTRING (-112.0467187 33.4622253, -112.0481002 33.4622357, -112.0509313 33.4622696, -112.0516041 33.4622718, -112.0529486 33.4622171, -112.0536954 33.4621748, -112.0543988 33.4621421)",1.11
1350,450,427,1/2/2016,1,1,1400_1800,5385.0,1346.25,66.216666666875,20.333862947351978,0,0,none,none,976.2,1334.4,5.516287645974185,<PSTW,64.8,"LINESTRING (-112.0467187 33.4622253, -112.0481002 33.4622357, -112.0509313 33.4622696, -112.0516041 33.4622718, -112.0529486 33.4622171, -112.0536954 33.4621748, -112.0543988 33.4621421)",1.11
1350,450,427,1/20/2016,1,1,1400_1800,4689.6,1172.4,25.1458333329375,57.16187585366181,2,15,14:30,18:00,3872.6,1106.4571428571428,1.2109693745803853,3.5,20.20476190407143,"LINESTRING (-112.0467187 33.4622253, -112.0481002 33.4622357, -112.0509313 33.4622696, -112.0516041 33.4622718, -112.0529486 33.4622171, -112.0536954 33.4621748, -112.0543988 33.4621421)",1.11
1350,450,427,1/21/2016,1,1,1400_1800,4733.2,1183.3,25.674999999375,55.69541382823172,2,15,14:30,18:00,3931.5999999999995,1123.3142857142855,1.2038864584393123,3.5,20.376190475714285,"LINESTRING (-112.0467187 33.4622253, -112.0481002 33.4622357, -112.0509313 33.4622696, -112.0516041 33.4622718, -112.0529486 33.4622171, -112.0536954 33.4621748, -112.0543988 33.4621421)",1.11
1350,450,427,1/22/2016,1,1,1400_1800,4884.4,1221.1,22.374999999375,56.93281425910943,0,15,14:00,18:00,4884.4,1221.1,1.0,4.0,22.374999999375,"LINESTRING (-112.0467187 33.4622253, -112.0481002 33.4622357, -112.0509313 33.4622696, -112.0516041 33.4622718, -112.0529486 33.4622171, -112.0536954 33.4621748, -112.0543988 33.4621421)",1.11
1350,450,427,1/23/2016,1,1,1400_1800,5871.2,1467.8,55.1125,27.322614663544748,9,10,none,none,1466.8000000000002,1495.6,4.0027270248159255,<PSTW,49.3333333325,"LINESTRING (-112.0467187 33.4622253, -112.0481002 33.4622357, -112.0509313 33.4622696, -112.0516041 33.4622718, -112.0529486 33.4622171, -112.0536954 33.4621748, -112.0543988 33.4621421)",1.11
1350,450,427,1/24/2016,1,1,1400_1800,4745.0,1186.25,67.462499999375,17.59063732141683,0,0,none,none,1285.4,1281.6,3.691457911934028,<PSTW,67.1833333325,"LINESTRING (-112.0467187 33.4622253, -112.0481002 33.4622357, -112.0509313 33.4622696, -112.0516041 33.4622718, -112.0529486 33.4622171, -112.0536954 33.4621748, -112.0543988 33.4621421)",1.11
1350,450,427,1/25/2016,1,1,1400_1800,4542.599999999999,1135.6499999999999,25.395833333749998,57.44200960765977,3,15,14:45,18:00,3365.2000000000007,1035.4461538461542,1.3498751931534525,3.25,17.025641025384616,"LINESTRING (-112.0467187 33.4622253, -112.0481002 33.4622357, -112.0509313 33.4622696, -112.0516041 33.4622718, -112.0529486 33.4622171, -112.0536954 33.4621748, -112.0543988 33.4621421)",1.11
1350,450,427,1/26/2016,1,1,1400_1800,4744.400000000001,1186.1000000000001,26.491666666249998,53.391222138006256,2,15,14:30,18:00,3965.2000000000003,1132.9142857142858,1.1965096338141834,3.5,21.571428571428577,"LINESTRING (-112.0467187 33.4622253, -112.0481002 33.4622357, -112.0509313 33.4622696, -112.0516041 33.4622718, -112.0529486 33.4622171, -112.0536954 33.4621748, -112.0543988 33.4621421)",1.11
1350,450,427,1/27/2016,1,1,1400_1800,4876.6,1219.15,27.387499999375002,52.87300718411029,3,15,14:45,18:00,3677.0,1131.3846153846155,1.3262442208322003,3.25,20.220512820000003,"LINESTRING (-112.0467187 33.4622253, -112.0481002 33.4622357, -112.0509313 33.4622696, -112.0516041 33.4622718, -112.0529486 33.4622171, -112.0536954 33.4621748, -112.0543988 33.4621421)",1.11
1350,450,427,1/28/2016,1,1,1400_1800,5070.0,1267.5,41.745833333125,37.832539374010935,0,9,14:00,16:30,3405.6,1362.24,1.488724453840733,2.5,29.439999998999998,"LINESTRING (-112.0467187 33.4622253, -112.0481002 33.4622357, -112.0509313 33.4622696, -112.0516041 33.4622718, -112.0529486 33.4622171, -112.0536954 33.4621748, -112.0543988 33.4621421)",1.11
1350,450,427,1/29/2016,1,1,1400_1800,4337.4,1084.35,20.077083334999998,56.51152242773259,0,15,14:00,18:00,4337.4,1084.35,1.0,4.0,20.077083334999998,"LINESTRING (-112.0467187 33.4622253, -112.0481002 33.4622357, -112.0509313 33.4622696, -112.0516041 33.4622718, -112.0529486 33.4622171, -112.0536954 33.4621748, -112.0543988 33.4621421)",1.11
1350,450,427,1/3/2016,1,1,1400_1800,4792.8,1198.2,68.295833331875,17.548419743736556,0,0,none,none,1132.8,1400.8,4.2309322033898304,<PSTW,68.04999999750001,"LINESTRING (-112.0467187 33.4622253, -112.0481002 33.4622357, -112.0509313 33.4622696, -112.0516041 33.4622718, -112.0529486 33.4622171, -112.0536954 33.4621748, -112.0543988 33.4621421)",1.11
1350,450,427,1/30/2016,1,1,1400_1800,5459.0,1364.75,43.220833331875,39.339419055505104,7,15,15:45,18:00,2909.2,1292.9777777777776,1.8764608827168983,2.25,27.22222222111111,"LINESTRING (-112.0467187 33.4622253, -112.0481002 33.4622357, -112.0509313 33.4622696, -112.0516041 33.4622718, -112.0529486 33.4622171, -112.0536954 33.4621748, -112.0543988 33.4621421)",1.11
1350,450,427,1/31/2016,1,1,1400_1800,5065.400000000001,1266.3500000000001,66.57083333437501,19.02394723388271,0,0,none,none,1180.6,1316.0,4.290530238861597,<PSTW,65.6166666675,"LINESTRING (-112.0467187 33.4622253, -112.0481002 33.4622357, -112.0509313 33.4622696, -112.0516041 33.4622718, -112.0529486 33.4622171, -112.0536954 33.4621748, -112.0543988 33.4621421)",1.11
1350,450,427,1/4/2016,1,1,1400_1800,4883.6,1220.9,47.4249999998125,32.071340742107076,13,15,none,none,878.6,844.0,5.558388345094468,<PSTW,23.58333333175,"LINESTRING (-112.0467187 33.4622253, -112.0481002 33.4622357, -112.0509313 33.4622696, -112.0516041 33.4622718, -112.0529486 33.4622171, -112.0536954 33.4621748, -112.0543988 33.4621421)",1.11
1350,450,427,1/5/2016,1,1,1400_1800,4140.0,1035.0,17.7416666674375,65.11511176063605,0,15,14:00,18:00,4140.0,1035.0,1.0,4.0,17.7416666674375,"LINESTRING (-112.0467187 33.4622253, -112.0481002 33.4622357, -112.0509313 33.4622696, -112.0516041 33.4622718, -112.0529486 33.4622171, -112.0536954 33.4621748, -112.0543988 33.4621421)",1.11
1350,450,427,1/6/2016,1,1,1400_1800,4973.4,1243.35,32.08749999875,46.832340667172865,2,14,14:30,17:45,3958.399999999999,1217.9692307692305,1.2564167340339534,3.25,25.271794870769227,"LINESTRING (-112.0467187 33.4622253, -112.0481002 33.4622357, -112.0509313 33.4622696, -112.0516041 33.4622718, -112.0529486 33.4622171, -112.0536954 33.4621748, -112.0543988 33.4621421)",1.11
1350,450,427,1/7/2016,1,1,1400_1800,4652.4,1163.1,40.23333333375,40.87122627611562,6,14,15:30,17:45,2238.6,994.9333333333333,2.0782632002144195,2.25,21.962962963333336,"LINESTRING (-112.0467187 33.4622253, -112.0481002 33.4622357, -112.0509313 33.4622696, -112.0516041 33.4622718, -112.0529486 33.4622171, -112.0536954 33.4621748, -112.0543988 33.4621421)",1.11
1350,450,427,1/8/2016,1,1,1400_1800,4595.6,1148.9,19.899999999374998,60.99595811960552,0,15,14:00,18:00,4595.6,1148.9,1.0,4.0,19.899999999374998,"LINESTRING (-112.0467187 33.4622253, -112.0481002 33.4622357, -112.0509313 33.4622696, -112.0516041 33.4622718, -112.0529486 33.4622171, -112.0536954 33.4621748, -112.0543988 33.4621421)",1.11
1350,450,427,1/9/2016,1,1,1400_1800,5849.8,1462.45,54.700000000624996,27.851151050912566,13,15,none,none,1065.4,1420.5333333333335,5.490707715412052,<PSTW,38.28888889,"LINESTRING (-112.0467187 33.4622253, -112.0481002 33.4622357, -112.0509313 33.4622696, -112.0516041 33.4622718, -112.0529486 33.4622171, -112.0536954 33.4621748, -112.0543988 33.4621421)",1.11
1350,450,427,2/1/2016,1,1,1400_1800,5058.2,1264.55,36.63333333375,43.41798093605221,3,13,14:45,17:30,3392.8,1233.7454545454545,1.4908630040084885,2.75,25.35151515181818,"LINESTRING (-112.0467187 33.4622253, -112.0481002 33.4622357, -112.0509313 33.4622696, -112.0516041 33.4622718, -112.0529486 33.4622171, -112.0536954 33.4621748, -112.0543988 33.4621421)",1.11
1350,450,427,2/10/2016,1,1,1400_1800,4917.0,1229.25,22.89166666625,58.677709841873394,0,15,14:00,18:00,4917.0,1229.25,1.0,4.0,22.89166666625,"LINESTRING (-112.0467187 33.4622253, -112.0481002 33.4622357, -112.0509313 33.4622696, -112.0516041 33.4622718, -112.0529486 33.4622171, -112.0536954 33.4621748, -112.0543988 33.4621421)",1.11
1350,450,427,2/11/2016,1,1,1400_1800,4731.4,1182.85,22.470833333125,58.16081514943169,0,15,14:00,18:00,4731.4,1182.85,1.0,4.0,22.470833333125,"LINESTRING (-112.0467187 33.4622253, -112.0481002 33.4622357, -112.0509313 33.4622696, -112.0516041 33.4622718, -112.0529486 33.4622171, -112.0536954 33.4621748, -112.0543988 33.4621421)",1.11
1350,450,427,2/12/2016,1,1,1400_1800,4241.0,1060.25,18.208333333749998,60.83014205895214,0,15,14:00,18:00,4241.0,1060.25,1.0,4.0,18.208333333749998,"LINESTRING (-112.0467187 33.4622253, -112.0481002 33.4622357, -112.0509313 33.4622696, -112.0516041 33.4622718, -112.0529486 33.4622171, -112.0536954 33.4621748, -112.0543988 33.4621421)",1.11
1350,450,427,2/13/2016,1,1,1400_1800,5937.599999999999,1484.3999999999999,57.974999999375,26.232008361302384,6,8,none,none,1526.8,1532.8,3.888917998428085,<PSTW,47.233333335,"LINESTRING (-112.0467187 33.4622253, -112.0481002 33.4622357, -112.0509313 33.4622696, -112.0516041 33.4622718, -112.0529486 33.4622171, -112.0536954 33.4621748, -112.0543988 33.4621421)",1.11
1350,450,427,2/14/2016,1,1,1400_1800,5439.6,1359.9,65.829166665625,20.662253623375904,0,0,none,none,1315.6,1416.8,4.134691395560961,<PSTW,65.5499999975,"LINESTRING (-112.0467187 33.4622253, -112.0481002 33.4622357, -112.0509313 33.4622696, -112.0516041 33.4622718, -112.0529486 33.4622171, -112.0536954 33.4621748, -112.0543988 33.4621421)",1.11
1350,450,427,2/15/2016,1,1,1400_1800,5340.4,1335.1,26.9833333325,52.39544264240962,0,15,14:00,18:00,5340.4,1335.1,1.0,4.0,26.9833333325,"LINESTRING (-112.0467187 33.4622253, -112.0481002 33.4622357, -112.0509313 33.4622696, -112.0516041 33.4622718, -112.0529486 33.4622171, -112.0536954 33.4621748, -112.0543988 33.4621421)",1.11
1350,450,427,2/16/2016,1,1,1400_1800,4604.0,1151.0,23.5166666651875,57.75401500974446,1,15,14:15,18:00,4214.8,1123.9466666666667,1.0923412736072886,3.75,20.968888887533335,"LINESTRING (-112.0467187 33.4622253, -112.0481002 33.4622357, -112.0509313 33.4622696, -112.0516041 33.4622718, -112.0529486 33.4622171, -112.0536954 33.4621748, -112.0543988 33.4621421)",1.11
1350,450,427,2/17/2016,1,1,1400_1800,4788.4,1197.1,22.62499999875,59.061103890882436,1,15,14:15,18:00,4413.2,1176.8533333333332,1.0850176742499773,3.75,20.724444443333333,"LINESTRING (-112.0467187 33.4622253, -112.0481002 33.4622357, -112.0509313 33.4622696, -112.0516041 33.4622718, -112.0529486 33.4622171, -112.0536954 33.4621748, -112.0543988 33.4621421)",1.11
1350,450,427,2/18/2016,1,1,1400_1800,4568.4,1142.1,20.416666668124996,60.61399633350979,0,15,14:00,18:00,4568.4,1142.1,1.0,4.0,20.416666668124996,"LINESTRING (-112.0467187 33.4622253, -112.0481002 33.4622357, -112.0509313 33.4622696, -112.0516041 33.4622718, -112.0529486 33.4622171, -112.0536954 33.4621748, -112.0543988 33.4621421)",1.11
1350,450,427,2/19/2016,1,1,1400_1800,4474.4,1118.6,19.64583333375,60.51874191929718,0,15,14:00,18:00,4474.4,1118.6,1.0,4.0,19.64583333375,"LINESTRING (-112.0467187 33.4622253, -112.0481002 33.4622357, -112.0509313 33.4622696, -112.0516041 33.4622718, -112.0529486 33.4622171, -112.0536954 33.4621748, -112.0543988 33.4621421)",1.11
1350,450,427,2/2/2016,1,1,1400_1800,4819.6,1204.9,24.145833333749998,57.144384296210305,1,15,14:15,18:00,4415.0,1177.3333333333333,1.0916421291053229,3.75,21.92444444466667,"LINESTRING (-112.0467187 33.4622253, -112.0481002 33.4622357, -112.0509313 33.4622696, -112.0516041 33.4622718, -112.0529486 33.4622171, -112.0536954 33.4621748, -112.0543988 33.4621421)",1.11
1350,450,427,2/20/2016,1,1,1400_1800,5890.6,1472.65,36.07083333375,41.848757789453416,3,15,14:45,18:00,4760.4,1464.7384615384615,1.2374170237795146,3.25,33.23076923076923,"LINESTRING (-112.0467187 33.4622253, -112.0481002 33.4622357, -112.0509313 33.4622696, -112.0516041 33.4622718, -112.0529486 33.4622171, -112.0536954 33.4621748, -112.0543988 33.4621421)",1.11
1350,450,427,2/21/2016,1,1,1400_1800,5526.8,1381.7,65.4166666675,21.131112155105072,0,0,none,none,1363.8000000000002,1476.0,4.052500366622671,<PSTW,65.2166666675,"LINESTRING (-112.0467187 33.4622253, -112.0481002 33.4622357, -112.0509313 33.4622696, -112.0516041 33.4622718, -112.0529486 33.4622171, -112.0536954 33.4621748, -112.0543988 33.4621421)",1.11
1350,450,427,2/22/2016,1,1,1400_1800,4520.6,1130.15,19.795833334374997,60.85891442208603,0,15,14:00,18:00,4520.6,1130.15,1.0,4.0,19.795833334374997,"LINESTRING (-112.0467187 33.4622253, -112.0481002 33.4622357, -112.0509313 33.4622696, -112.0516041 33.4622718, -112.0529486 33.4622171, -112.0536954 33.4621748, -112.0543988 33.4621421)",1.11
1350,450,427,2/23/2016,1,1,1400_1800,4739.4,1184.85,27.483333333125,52.0982199264393,3,15,14:45,18:00,3597.4,1106.8923076923077,1.31745149274476,3.25,20.189743590000003,"LINESTRING (-112.0467187 33.4622253, -112.0481002 33.4622357, -112.0509313 33.4622696, -112.0516041 33.4622718, -112.0529486 33.4622171, -112.0536954 33.4621748, -112.0543988 33.4621421)",1.11
1350,450,427,2/24/2016,1,1,1400_1800,4388.0,1097.0,19.704166666875,60.9829824350485,0,15,14:00,18:00,4388.0,1097.0,1.0,4.0,19.704166666875,"LINESTRING (-112.0467187 33.4622253, -112.0481002 33.4622357, -112.0509313 33.4622696, -112.0516041 33.4622718, -112.0529486 33.4622171, -112.0536954 33.4621748, -112.0543988 33.4621421)",1.11
1350,450,427,2/25/2016,1,1,1400_1800,4763.799999999999,1190.9499999999998,21.6833333325,59.11471332442336,0,15,14:00,18:00,4763.799999999999,1190.9499999999998,1.0,4.0,21.6833333325,"LINESTRING (-112.0467187 33.4622253, -112.0481002 33.4622357, -112.0509313 33.4622696, -112.0516041 33.4622718, -112.0529486 33.4622171, -112.0536954 33.4621748, -112.0543988 33.4621421)",1.11
1350,450,427,2/26/2016,1,1,1400_1800,4091.0,1022.75,16.958333333124997,63.260767916461766,0,15,14:00,18:00,4091.0,1022.75,1.0,4.0,16.958333333124997,"LINESTRING (-112.0467187 33.4622253, -112.0481002 33.4622357, -112.0509313 33.4622696, -112.0516041 33.4622718, -112.0529486 33.4622171, -112.0536954 33.4621748, -112.0543988 33.4621421)",1.11
1350,450,427,2/27/2016,1,1,1400_1800,5958.4,1489.6,39.55416666625,38.35451474900296,4,15,15:00,18:00,4453.6,1484.5333333333335,1.3378839590443685,3.0,38.44444444416666,"LINESTRING (-112.0467187 33.4622253, -112.0481002 33.4622357, -112.0509313 33.4622696, -112.0516041 33.4622718, -112.0529486 33.4622171, -112.0536954 33.4621748, -112.0543988 33.4621421)",1.11
1350,450,427,2/28/2016,1,1,1400_1800,5478.6,1369.65,62.975000001249995,22.205470914889315,10,11,none,none,1366.0,1408.0,4.010688140556369,<PSTW,55.383333334999996,"LINESTRING (-112.0467187 33.4622253, -112.0481002 33.4622357, -112.0509313 33.4622696, -112.0516041 33.4622718, -112.0529486 33.4622171, -112.0536954 33.4621748, -112.0543988 33.4621421)",1.11
1350,450,427,2/29/2016,1,1,1400_1800,4699.2,1174.8,22.037499999375,57.87169064248563,0,15,14:00,18:00,4699.2,1174.8,1.0,4.0,22.037499999375,"LINESTRING (-112.0467187 33.4622253, -112.0481002 33.4622357, -112.0509313 33.4622696, -112.0516041 33.4622718, -112.0529486 33.4622171, -112.0536954 33.4621748, -112.0543988 33.4621421)",1.11
1350,450,427,2/3/2016,1,1,1400_1800,4350.4,1087.6,20.145833333124997,62.72693967331548,1,15,14:15,18:00,3959.8,1055.9466666666667,1.098641345522501,3.75,17.391111110666664,"LINESTRING (-112.0467187 33.4622253, -112.0481002 33.4622357, -112.0509313 33.4622696, -112.0516041 33.4622718, -112.0529486 33.4622171, -112.0536954 33.4621748, -112.0543988 33.4621421)",1.11
1350,450,427,2/4/2016,1,1,1400_1800,4770.799999999999,1192.6999999999998,23.070833333125,57.63057659091592,1,15,14:15,18:00,4361.8,1163.1466666666668,1.0937686276307945,3.75,21.062222221999995,"LINESTRING (-112.0467187 33.4622253, -112.0481002 33.4622357, -112.0509313 33.4622696, -112.0516041 33.4622718, -112.0529486 33.4622171, -112.0536954 33.4621748, -112.0543988 33.4621421)",1.11
1350,450,427,2/6/2016,1,1,1400_1800,6064.0,1516.0,46.508333333124995,34.44812897572065,5,15,15:15,18:00,4153.2,1510.2545454545455,1.4600789752480017,2.75,38.55151515090909,"LINESTRING (-112.0467187 33.4622253, -112.0481002 33.4622357, -112.0509313 33.4622696, -112.0516041 33.4622718, -112.0529486 33.4622171, -112.0536954 33.4621748, -112.0543988 33.4621421)",1.11
1350,450,427,2/7/2016,1,1,1400_1800,4760.0,1190.0,67.074999999375,17.739684881758194,0,0,none,none,1032.0,1328.0,4.612403100775194,<PSTW,66.6333333325,"LINESTRING (-112.0467187 33.4622253, -112.0481002 33.4622357, -112.0509313 33.4622696, -112.0516041 33.4622718, -112.0529486 33.4622171, -112.0536954 33.4621748, -112.0543988 33.4621421)",1.11
1350,450,427,2/8/2016,1,1,1400_1800,5026.0,1256.5,37.27916666749999,39.6687564211574,2,14,14:30,17:45,3964.7999999999997,1219.9384615384615,1.2676553672316384,3.25,31.34871795,"LINESTRING (-112.0467187 33.4622253, -112.0481002 33.4622357, -112.0509313 33.4622696, -112.0516041 33.4622718, -112.0529486 33.4622171, -112.0536954 33.4621748, -112.0543988 33.4621421)",1.11
1350,450,427,2/9/2016,1,1,1400_1800,4762.8,1190.7,22.03333333375,58.44056944730368,0,15,14:00,18:00,4762.8,1190.7,1.0,4.0,22.03333333375,"LINESTRING (-112.0467187 33.4622253, -112.0481002 33.4622357, -112.0509313 33.4622696, -112.0516041 33.4622718, -112.0529486 33.4622171, -112.0536954 33.4621748, -112.0543988 33.4621421)",1.11
2006,428,466,1/1/2016,1,1,1400_1800,4776.5,1194.125,64.32812499875,18.56102439562833,0,0,none,none,1159.25,1183.0,4.1203364244123355,<PSTW,63.395833332500004,"LINESTRING (-112.0780948 33.4618439, -112.0790561 33.4617723, -112.0805595 33.4614847, -112.0810225 33.4613961, -112.0818554 33.4612982, -112.0825411 33.4612177, -112.0843098 33.4611813, -112.0861123 33.4613603, -112.0875434 33.461499)",1.04
2006,428,466,1/10/2016,1,1,1400_1800,5419.0,1354.75,63.744791665625,21.252273565424048,0,0,none,none,1337.75,1364.0,4.050831620257895,<PSTW,63.354166667499996,"LINESTRING (-112.0780948 33.4618439, -112.0790561 33.4617723, -112.0805595 33.4614847, -112.0810225 33.4613961, -112.0818554 33.4612982, -112.0825411 33.4612177, -112.0843098 33.4611813, -112.0861123 33.4613603, -112.0875434 33.461499)",1.04
2006,428,466,1/11/2016,1,1,1400_1800,3367.5,1036.1538461538462,28.589743589999994,40.83994878621241,0,12,14:00,17:15,3367.5,1036.1538461538462,1.0,3.25,28.589743589999994,"LINESTRING (-112.0780948 33.4618439, -112.0790561 33.4617723, -112.0805595 33.4614847, -112.0810225 33.4613961, -112.0818554 33.4612982, -112.0825411 33.4612177, -112.0843098 33.4611813, -112.0861123 33.4613603, -112.0875434 33.461499)",1.04
2006,428,466,1/12/2016,1,1,1400_1800,4482.75,1120.6875,24.848958332687502,69.79321314101654,1,15,14:15,18:00,4077.0,1087.2,1.0995217071376011,3.75,22.683333332866667,"LINESTRING (-112.0780948 33.4618439, -112.0790561 33.4617723, -112.0805595 33.4614847, -112.0810225 33.4613961, -112.0818554 33.4612982, -112.0825411 33.4612177, -112.0843098 33.4611813, -112.0861123 33.4613603, -112.0875434 33.461499)",1.04
2006,428,466,1/13/2016,1,1,1400_1800,4600.75,1150.1875,27.161458333375,55.55814413425832,2,15,14:30,18:00,3771.75,1077.642857142857,1.2197918737986346,3.5,22.708333333142857,"LINESTRING (-112.0780948 33.4618439, -112.0790561 33.4617723, -112.0805595 33.4614847, -112.0810225 33.4613961, -112.0818554 33.4612982, -112.0825411 33.4612177, -112.0843098 33.4611813, -112.0861123 33.4613603, -112.0875434 33.461499)",1.04
2006,428,466,1/14/2016,1,1,1400_1800,4548.25,1137.0625,25.6562500011875,66.66195337605915,3,15,14:45,18:00,3349.75,1030.6923076923076,1.3577878946190014,3.25,19.53846153915385,"LINESTRING (-112.0780948 33.4618439, -112.0790561 33.4617723, -112.0805595 33.4614847, -112.0810225 33.4613961, -112.0818554 33.4612982, -112.0825411 33.4612177, -112.0843098 33.4611813, -112.0861123 33.4613603, -112.0875434 33.461499)",1.04
2006,428,466,1/15/2016,1,1,1400_1800,4267.0,1066.75,20.1848958326875,69.12177911960683,0,15,14:00,18:00,4267.0,1066.75,1.0,4.0,20.1848958326875,"LINESTRING (-112.0780948 33.4618439, -112.0790561 33.4617723, -112.0805595 33.4614847, -112.0810225 33.4613961, -112.0818554 33.4612982, -112.0825411 33.4612177, -112.0843098 33.4611813, -112.0861123 33.4613603, -112.0875434 33.461499)",1.04
2006,428,466,1/16/2016,1,1,1400_1800,4676.0,1169.0,27.33854166625,45.90521603376092,0,14,14:00,17:45,4341.5,1157.7333333333333,1.0770471035356444,3.75,25.394444444,"LINESTRING (-112.0780948 33.4618439, -112.0790561 33.4617723, -112.0805595 33.4614847, -112.0810225 33.4613961, -112.0818554 33.4612982, -112.0825411 33.4612177, -112.0843098 33.4611813, -112.0861123 33.4613603, -112.0875434 33.461499)",1.04
2006,428,466,1/17/2016,1,1,1400_1800,5586.5,1396.625,63.411458333125,22.02348869701826,0,0,none,none,1302.25,1460.0,4.289882894989441,<PSTW,62.583333335000006,"LINESTRING (-112.0780948 33.4618439, -112.0790561 33.4617723, -112.0805595 33.4614847, -112.0810225 33.4613961, -112.0818554 33.4612982, -112.0825411 33.4612177, -112.0843098 33.4611813, -112.0861123 33.4613603, -112.0875434 33.461499)",1.04
2006,428,466,1/18/2016,1,1,1400_1800,5851.0,1462.75,44.16145833375,33.79700459355973,2,15,14:30,18:00,5040.0,1440.0,1.1609126984126985,3.5,42.07738095285715,"LINESTRING (-112.0780948 33.4618439, -112.0790561 33.4617723, -112.0805595 33.4614847, -112.0810225 33.4613961, -112.0818554 33.4612982, -112.0825411 33.4612177, -112.0843098 33.4611813, -112.0861123 33.4613603, -112.0875434 33.461499)",1.04
2006,428,466,1/19/2016,1,1,1400_1800,4747.75,1186.9375,26.9765625,56.96371959053525,0,15,14:00,18:00,4747.75,1186.9375,1.0,4.0,26.9765625,"LINESTRING (-112.0780948 33.4618439, -112.0790561 33.4617723, -112.0805595 33.4614847, -112.0810225 33.4613961, -112.0818554 33.4612982, -112.0825411 33.4612177, -112.0843098 33.4611813, -112.0861123 33.4613603, -112.0875434 33.461499)",1.04
2006,428,466,1/2/2016,1,1,1400_1800,5754.75,1438.6875,64.562500000625,22.279283202685853,0,0,none,none,1030.25,1454.0,5.58578015044892,<PSTW,63.166666666666664,"LINESTRING (-112.0780948 33.4618439, -112.0790561 33.4617723, -112.0805595 33.4614847, -112.0810225 33.4613961, -112.0818554 33.4612982, -112.0825411 33.4612177, -112.0843098 33.4611813, -112.0861123 33.4613603, -112.0875434 33.461499)",1.04
2006,428,466,1/20/2016,1,1,1400_1800,4580.25,1145.0625,26.609375000250004,59.06690070077407,2,15,14:30,18:00,3776.25,1078.9285714285713,1.2129096325719961,3.5,22.61309523885714,"LINESTRING (-112.0780948 33.4618439, -112.0790561 33.4617723, -112.0805595 33.4614847, -112.0810225 33.4613961, -112.0818554 33.4612982, -112.0825411 33.4612177, -112.0843098 33.4611813, -112.0861123 33.4613603, -112.0875434 33.461499)",1.04
2006,428,466,1/21/2016,1,1,1400_1800,4636.0,1159.0,27.75,53.67110190850426,1,15,14:15,18:00,4251.0,1133.6,1.0905669254293107,3.75,25.616666666666667,"LINESTRING (-112.0780948 33.4618439, -112.0790561 33.4617723, -112.0805595 33.4614847, -112.0810225 33.4613961, -112.0818554 33.4612982, -112.0825411 33.4612177, -112.0843098 33.4611813, -112.0861123 33.4613603, -112.0875434 33.461499)",1.04
2006,428,466,1/22/2016,1,1,1400_1800,4773.5,1193.375,30.338541665625,43.14270373756937,0,15,14:00,18:00,4773.5,1193.375,1.0,4.0,30.338541665625,"LINESTRING (-112.0780948 33.4618439, -112.0790561 33.4617723, -112.0805595 33.4614847, -112.0810225 33.4613961, -112.0818554 33.4612982, -112.0825411 33.4612177, -112.0843098 33.4611813, -112.0861123 33.4613603, -112.0875434 33.461499)",1.04
2006,428,466,1/23/2016,1,1,1400_1800,5890.5,1472.625,47.395833332500004,31.656570695558663,4,15,15:00,18:00,4320.25,1440.0833333333333,1.3634627625716105,3.0,43.1875,"LINESTRING (-112.0780948 33.4618439, -112.0790561 33.4617723, -112.0805595 33.4614847, -112.0810225 33.4613961, -112.0818554 33.4612982, -112.0825411 33.4612177, -112.0843098 33.4611813, -112.0861123 33.4613603, -112.0875434 33.461499)",1.04
2006,428,466,1/24/2016,1,1,1400_1800,5331.75,1332.9375,63.75,20.90740027091657,0,0,none,none,1232.75,1435.0,4.325086189413912,<PSTW,62.583333332500004,"LINESTRING (-112.0780948 33.4618439, -112.0790561 33.4617723, -112.0805595 33.4614847, -112.0810225 33.4613961, -112.0818554 33.4612982, -112.0825411 33.4612177, -112.0843098 33.4611813, -112.0861123 33.4613603, -112.0875434 33.461499)",1.04
2006,428,466,1/25/2016,1,1,1400_1800,4348.5,1087.125,25.27604166725,59.34878144844509,2,15,14:30,18:00,3557.75,1016.5,1.222261260628206,3.5,21.26190476257143,"LINESTRING (-112.0780948 33.4618439, -112.0790561 33.4617723, -112.0805595 33.4614847, -112.0810225 33.4613961, -112.0818554 33.4612982, -112.0825411 33.4612177, -112.0843098 33.4611813, -112.0861123 33.4613603, -112.0875434 33.461499)",1.04
2006,428,466,1/26/2016,1,1,1400_1800,4593.5,1148.375,28.8177083339375,49.90577582769227,4,15,15:00,18:00,3097.75,1032.5833333333333,1.4828504559761118,3.0,20.687500000249997,"LINESTRING (-112.0780948 33.4618439, -112.0790561 33.4617723, -112.0805595 33.4614847, -112.0810225 33.4613961, -112.0818554 33.4612982, -112.0825411 33.4612177, -112.0843098 33.4611813, -112.0861123 33.4613603, -112.0875434 33.461499)",1.04
2006,428,466,1/27/2016,1,1,1400_1800,4621.75,1155.4375,28.8593750014375,51.09670624562288,2,15,14:30,18:00,3802.75,1086.5,1.2153704555913483,3.5,25.041666668071425,"LINESTRING (-112.0780948 33.4618439, -112.0790561 33.4617723, -112.0805595 33.4614847, -112.0810225 33.4613961, -112.0818554 33.4612982, -112.0825411 33.4612177, -112.0843098 33.4611813, -112.0861123 33.4613603, -112.0875434 33.461499)",1.04
2006,428,466,1/28/2016,1,1,1400_1800,5133.75,1283.4375,39.80208333375,33.70357763272473,1,13,14:15,17:30,4114.5,1266.0,1.2477214728399562,3.25,36.012820513076925,"LINESTRING (-112.0780948 33.4618439, -112.0790561 33.4617723, -112.0805595 33.4614847, -112.0810225 33.4613961, -112.0818554 33.4612982, -112.0825411 33.4612177, -112.0843098 33.4611813, -112.0861123 33.4613603, -112.0875434 33.461499)",1.04
2006,428,466,1/29/2016,1,1,1400_1800,4197.25,1049.3125,25.716145834375,46.860446719351444,0,15,14:00,18:00,4197.25,1049.3125,1.0,4.0,25.716145834375,"LINESTRING (-112.0780948 33.4618439, -112.0790561 33.4617723, -112.0805595 33.4614847, -112.0810225 33.4613961, -112.0818554 33.4612982, -112.0825411 33.4612177, -112.0843098 33.4611813, -112.0861123 33.4613603, -112.0875434 33.461499)",1.04
2006,428,466,1/3/2016,1,1,1400_1800,5379.75,1344.9375,64.515624999375,20.85462593251733,0,0,none,none,1356.5,1463.0,3.9659049023221526,<PSTW,64.625,"LINESTRING (-112.0780948 33.4618439, -112.0790561 33.4617723, -112.0805595 33.4614847, -112.0810225 33.4613961, -112.0818554 33.4612982, -112.0825411 33.4612177, -112.0843098 33.4611813, -112.0861123 33.4613603, -112.0875434 33.461499)",1.04
2006,428,466,1/30/2016,1,1,1400_1800,5828.75,1457.1875,59.494791665625,24.894314760714273,14,15,none,none,1064.5,1383.0,5.475575387505871,<PSTW,47.05555555666666,"LINESTRING (-112.0780948 33.4618439, -112.0790561 33.4617723, -112.0805595 33.4614847, -112.0810225 33.4613961, -112.0818554 33.4612982, -112.0825411 33.4612177, -112.0843098 33.4611813, -112.0861123 33.4613603, -112.0875434 33.461499)",1.04
2006,428,466,1/31/2016,1,1,1400_1800,5599.5,1399.875,63.802083333125,21.939258976173498,0,0,none,none,1276.75,1418.0,4.3857450558057565,<PSTW,63.333333332500004,"LINESTRING (-112.0780948 33.4618439, -112.0790561 33.4617723, -112.0805595 33.4614847, -112.0810225 33.4613961, -112.0818554 33.4612982, -112.0825411 33.4612177, -112.0843098 33.4611813, -112.0861123 33.4613603, -112.0875434 33.461499)",1.04
2006,428,466,1/4/2016,1,1,1400_1800,4711.25,1177.8125,30.890625,46.40596193044686,5,15,15:15,18:00,2889.0,1050.5454545454545,1.630754586362063,2.75,22.863636363636363,"LINESTRING (-112.0780948 33.4618439, -112.0790561 33.4617723, -112.0805595 33.4614847, -112.0810225 33.4613961, -112.0818554 33.4612982, -112.0825411 33.4612177, -112.0843098 33.4611813, -112.0861123 33.4613603, -112.0875434 33.461499)",1.04
2006,428,466,1/5/2016,1,1,1400_1800,4177.0,1044.25,19.3645833340625,84.94931685309382,1,15,14:15,18:00,3840.75,1024.2,1.0875480049469504,3.75,16.811111111666662,"LINESTRING (-112.0780948 33.4618439, -112.0790561 33.4617723, -112.0805595 33.4614847, -112.0810225 33.4613961, -112.0818554 33.4612982, -112.0825411 33.4612177, -112.0843098 33.4611813, -112.0861123 33.4613603, -112.0875434 33.461499)",1.04
2006,428,466,1/6/2016,1,1,1400_1800,4866.25,1216.5625,28.166666665,56.59946253888185,5,15,15:15,18:00,2941.0,1069.4545454545455,1.6546242774566473,2.75,17.871212119090906,"LINESTRING (-112.0780948 33.4618439, -112.0790561 33.4617723, -112.0805595 33.4614847, -112.0810225 33.4613961, -112.0818554 33.4612982, -112.0825411 33.4612177, -112.0843098 33.4611813, -112.0861123 33.4613603, -112.0875434 33.461499)",1.04
2006,428,466,1/7/2016,1,1,1400_1800,4745.75,1186.4375,26.7552083326875,70.44529652642254,3,15,14:45,18:00,3585.0,1103.076923076923,1.3237796373779638,3.25,18.86538461484615,"LINESTRING (-112.0780948 33.4618439, -112.0790561 33.4617723, -112.0805595 33.4614847, -112.0810225 33.4613961, -112.0818554 33.4612982, -112.0825411 33.4612177, -112.0843098 33.4611813, -112.0861123 33.4613603, -112.0875434 33.461499)",1.04
2006,428,466,1/8/2016,1,1,1400_1800,4526.0,1131.5,27.90625,50.67171919141842,2,15,14:30,18:00,3862.5,1103.5714285714287,1.1717799352750808,3.5,23.172619047142856,"LINESTRING (-112.0780948 33.4618439, -112.0790561 33.4617723, -112.0805595 33.4614847, -112.0810225 33.4613961, -112.0818554 33.4612982, -112.0825411 33.4612177, -112.0843098 33.4611813, -112.0861123 33.4613603, -112.0875434 33.461499)",1.04
2006,428,466,1/9/2016,1,1,1400_1800,5960.0,1490.0,54.427083333125,27.644960491209844,12,15,none,none,1031.0,1359.5,5.780795344325897,<PSTW,44.999999996666666,"LINESTRING (-112.0780948 33.4618439, -112.0790561 33.4617723, -112.0805595 33.4614847, -112.0810225 33.4613961, -112.0818554 33.4612982, -112.0825411 33.4612177, -112.0843098 33.4611813, -112.0861123 33.4613603, -112.0875434 33.461499)",1.04
2006,428,466,2/1/2016,1,1,1400_1800,4864.25,1216.0625,31.411458333124997,46.05479179161627,3,15,14:45,18:00,3687.75,1134.6923076923076,1.3190292183580774,3.25,25.307692307692307,"LINESTRING (-112.0780948 33.4618439, -112.0790561 33.4617723, -112.0805595 33.4614847, -112.0810225 33.4613961, -112.0818554 33.4612982, -112.0825411 33.4612177, -112.0843098 33.4611813, -112.0861123 33.4613603, -112.0875434 33.461499)",1.04
2006,428,466,2/10/2016,1,1,1400_1800,4679.25,1169.8125,28.078125000625,53.03672059752395,2,15,14:30,18:00,3885.25,1110.0714285714287,1.204362653625893,3.5,24.684523809999995,"LINESTRING (-112.0780948 33.4618439, -112.0790561 33.4617723, -112.0805595 33.4614847, -112.0810225 33.4613961, -112.0818554 33.4612982, -112.0825411 33.4612177, -112.0843098 33.4611813, -112.0861123 33.4613603, -112.0875434 33.461499)",1.04
2006,428,466,2/11/2016,1,1,1400_1800,4534.5,1133.625,26.09895833275,56.668994417701974,1,15,14:15,18:00,4153.5,1107.6,1.0917298663777537,3.75,24.299999999600004,"LINESTRING (-112.0780948 33.4618439, -112.0790561 33.4617723, -112.0805595 33.4614847, -112.0810225 33.4613961, -112.0818554 33.4612982, -112.0825411 33.4612177, -112.0843098 33.4611813, -112.0861123 33.4613603, -112.0875434 33.461499)",1.04
2006,428,466,2/12/2016,1,1,1400_1800,4207.25,1051.8125,23.583333333124997,53.804235996875576,0,15,14:00,18:00,4207.25,1051.8125,1.0,4.0,23.583333333124997,"LINESTRING (-112.0780948 33.4618439, -112.0790561 33.4617723, -112.0805595 33.4614847, -112.0810225 33.4613961, -112.0818554 33.4612982, -112.0825411 33.4612177, -112.0843098 33.4611813, -112.0861123 33.4613603, -112.0875434 33.461499)",1.04
2006,428,466,2/13/2016,1,1,1400_1800,5999.75,1499.9375,50.119791666875,29.974761653658682,5,7,none,none,1549.75,1537.3333333333333,3.8714308759477336,<PSTW,48.604166667499996,"LINESTRING (-112.0780948 33.4618439, -112.0790561 33.4617723, -112.0805595 33.4614847, -112.0810225 33.4613961, -112.0818554 33.4612982, -112.0825411 33.4612177, -112.0843098 33.4611813, -112.0861123 33.4613603, -112.0875434 33.461499)",1.04
2006,428,466,2/14/2016,1,1,1400_1800,5856.0,1464.0,62.8125,23.317716565046837,0,0,none,none,1487.75,1568.0,3.9361451856830785,<PSTW,62.354166667499996,"LINESTRING (-112.0780948 33.4618439, -112.0790561 33.4617723, -112.0805595 33.4614847, -112.0810225 33.4613961, -112.0818554 33.4612982, -112.0825411 33.4612177, -112.0843098 33.4611813, -112.0861123 33.4613603, -112.0875434 33.461499)",1.04
2006,428,466,2/15/2016,1,1,1400_1800,5179.5,1294.875,35.453125,38.767623737734866,3,15,14:45,18:00,3980.0,1224.6153846153845,1.3013819095477388,3.25,31.878205128461538,"LINESTRING (-112.0780948 33.4618439, -112.0790561 33.4617723, -112.0805595 33.4614847, -112.0810225 33.4613961, -112.0818554 33.4612982, -112.0825411 33.4612177, -112.0843098 33.4611813, -112.0861123 33.4613603, -112.0875434 33.461499)",1.04
2006,428,466,2/16/2016,1,1,1400_1800,4476.25,1119.0625,25.0208333329375,67.36734090220875,2,15,14:30,18:00,3696.5,1056.142857142857,1.2109427837143243,3.5,20.732142856928572,"LINESTRING (-112.0780948 33.4618439, -112.0790561 33.4617723, -112.0805595 33.4614847, -112.0810225 33.4613961, -112.0818554 33.4612982, -112.0825411 33.4612177, -112.0843098 33.4611813, -112.0861123 33.4613603, -112.0875434 33.461499)",1.04
2006,428,466,2/17/2016,1,1,1400_1800,4573.75,1143.4375,26.343750001625,59.71153550571164,2,15,14:30,18:00,3802.75,1086.5,1.2027480113076063,3.5,22.601190477571425,"LINESTRING (-112.0780948 33.4618439, -112.0790561 33.4617723, -112.0805595 33.4614847, -112.0810225 33.4613961, -112.0818554 33.4612982, -112.0825411 33.4612177, -112.0843098 33.4611813, -112.0861123 33.4613603, -112.0875434 33.461499)",1.04
2006,428,466,2/18/2016,1,1,1400_1800,4511.0,1127.75,25.5781250006875,57.5223145498744,0,15,14:00,18:00,4511.0,1127.75,1.0,4.0,25.5781250006875,"LINESTRING (-112.0780948 33.4618439, -112.0790561 33.4617723, -112.0805595 33.4614847, -112.0810225 33.4613961, -112.0818554 33.4612982, -112.0825411 33.4612177, -112.0843098 33.4611813, -112.0861123 33.4613603, -112.0875434 33.461499)",1.04
2006,428,466,2/19/2016,1,1,1400_1800,4413.75,1103.4375,25.380208334375,47.88191076365169,0,15,14:00,18:00,4413.75,1103.4375,1.0,4.0,25.380208334375,"LINESTRING (-112.0780948 33.4618439, -112.0790561 33.4617723, -112.0805595 33.4614847, -112.0810225 33.4613961, -112.0818554 33.4612982, -112.0825411 33.4612177, -112.0843098 33.4611813, -112.0861123 33.4613603, -112.0875434 33.461499)",1.04
2006,428,466,2/2/2016,1,1,1400_1800,4644.25,1161.0625,29.359375000187498,49.601417198798885,1,15,14:15,18:00,4262.25,1136.6,1.0896240248694937,3.75,27.872222222199994,"LINESTRING (-112.0780948 33.4618439, -112.0790561 33.4617723, -112.0805595 33.4614847, -112.0810225 33.4613961, -112.0818554 33.4612982, -112.0825411 33.4612177, -112.0843098 33.4611813, -112.0861123 33.4613603, -112.0875434 33.461499)",1.04
2006,428,466,2/20/2016,1,1,1400_1800,5920.0,1480.0,47.557291666875,31.262336426596818,2,15,14:30,18:00,5139.75,1468.5,1.1518069945036238,3.5,46.32142857214285,"LINESTRING (-112.0780948 33.4618439, -112.0790561 33.4617723, -112.0805595 33.4614847, -112.0810225 33.4613961, -112.0818554 33.4612982, -112.0825411 33.4612177, -112.0843098 33.4611813, -112.0861123 33.4613603, -112.0875434 33.461499)",1.04
2006,428,466,2/21/2016,1,1,1400_1800,5962.5,1490.625,61.703125,24.224047396008956,15,15,none,none,1046.5,1311.0,5.697563306258958,<PSTW,55.666666666666664,"LINESTRING (-112.0780948 33.4618439, -112.0790561 33.4617723, -112.0805595 33.4614847, -112.0810225 33.4613961, -112.0818554 33.4612982, -112.0825411 33.4612177, -112.0843098 33.4611813, -112.0861123 33.4613603, -112.0875434 33.461499)",1.04
2006,428,466,2/22/2016,1,1,1400_1800,4380.25,1095.0625,28.6614583335625,48.99365558042271,3,15,14:45,18:00,3369.25,1036.6923076923076,1.3000667804407509,3.25,23.179487179769232,"LINESTRING (-112.0780948 33.4618439, -112.0790561 33.4617723, -112.0805595 33.4614847, -112.0810225 33.4613961, -112.0818554 33.4612982, -112.0825411 33.4612177, -112.0843098 33.4611813, -112.0861123 33.4613603, -112.0875434 33.461499)",1.04
2006,428,466,2/23/2016,1,1,1400_1800,4529.5,1132.375,29.2447916664375,46.79897265718974,3,15,14:45,18:00,3394.5,1044.4615384615386,1.3343644130210635,3.25,23.96153846176923,"LINESTRING (-112.0780948 33.4618439, -112.0790561 33.4617723, -112.0805595 33.4614847, -112.0810225 33.4613961, -112.0818554 33.4612982, -112.0825411 33.4612177, -112.0843098 33.4611813, -112.0861123 33.4613603, -112.0875434 33.461499)",1.04
2006,428,466,2/24/2016,1,1,1400_1800,4238.5,1059.625,24.893229166624998,64.37004214263177,2,15,14:30,18:00,3498.75,999.6428571428571,1.2114326545194711,3.5,20.705357142571426,"LINESTRING (-112.0780948 33.4618439, -112.0790561 33.4617723, -112.0805595 33.4614847, -112.0810225 33.4613961, -112.0818554 33.4612982, -112.0825411 33.4612177, -112.0843098 33.4611813, -112.0861123 33.4613603, -112.0875434 33.461499)",1.04
2006,428,466,2/25/2016,1,1,1400_1800,4592.0,1148.0,28.7864583329375,48.150159449253266,3,15,14:45,18:00,3441.0,1058.7692307692307,1.3344957861086892,3.25,23.237179486692305,"LINESTRING (-112.0780948 33.4618439, -112.0790561 33.4617723, -112.0805595 33.4614847, -112.0810225 33.4613961, -112.0818554 33.4612982, -112.0825411 33.4612177, -112.0843098 33.4611813, -112.0861123 33.4613603, -112.0875434 33.461499)",1.04
2006,428,466,2/26/2016,1,1,1400_1800,4080.25,1020.0625,20.47395833275,63.767031548406564,0,15,14:00,18:00,4080.25,1020.0625,1.0,4.0,20.47395833275,"LINESTRING (-112.0780948 33.4618439, -112.0790561 33.4617723, -112.0805595 33.4614847, -112.0810225 33.4613961, -112.0818554 33.4612982, -112.0825411 33.4612177, -112.0843098 33.4611813, -112.0861123 33.4613603, -112.0875434 33.461499)",1.04
2006,428,466,2/27/2016,1,1,1400_1800,6071.25,1517.8125,53.40625000125,28.621297205367526,10,12,none,none,1478.0,1460.0,4.1077469553450605,<PSTW,51.6250000025,"LINESTRING (-112.0780948 33.4618439, -112.0790561 33.4617723, -112.0805595 33.4614847, -112.0810225 33.4613961, -112.0818554 33.4612982, -112.0825411 33.4612177, -112.0843098 33.4611813, -112.0861123 33.4613603, -112.0875434 33.461499)",1.04
2006,428,466,2/28/2016,1,1,1400_1800,5997.5,1499.375,62.390625,24.039009987206615,0,0,none,none,1121.75,1585.0,5.346556719411634,<PSTW,61.63888889,"LINESTRING (-112.0780948 33.4618439, -112.0790561 33.4617723, -112.0805595 33.4614847, -112.0810225 33.4613961, -112.0818554 33.4612982, -112.0825411 33.4612177, -112.0843098 33.4611813, -112.0861123 33.4613603, -112.0875434 33.461499)",1.04
2006,428,466,2/29/2016,1,1,1400_1800,4562.5,1140.625,26.854166666062504,51.983631096152514,1,15,14:15,18:00,4163.75,1110.3333333333333,1.095767036925848,3.75,25.222222221800003,"LINESTRING (-112.0780948 33.4618439, -112.0790561 33.4617723, -112.0805595 33.4614847, -112.0810225 33.4613961, -112.0818554 33.4612982, -112.0825411 33.4612177, -112.0843098 33.4611813, -112.0861123 33.4613603, -112.0875434 33.461499)",1.04
2006,428,466,2/3/2016,1,1,1400_1800,4181.0,1045.25,23.3072916676875,54.14560576640782,0,15,14:00,18:00,4181.0,1045.25,1.0,4.0,23.3072916676875,"LINESTRING (-112.0780948 33.4618439, -112.0790561 33.4617723, -112.0805595 33.4614847, -112.0810225 33.4613961, -112.0818554 33.4612982, -112.0825411 33.4612177, -112.0843098 33.4611813, -112.0861123 33.4613603, -112.0875434 33.461499)",1.04
2006,428,466,2/4/2016,1,1,1400_1800,4680.0,1170.0,29.447916666687497,51.85813228264445,2,15,14:30,18:00,3902.5,1115.0,1.199231262011531,3.5,26.071428571214287,"LINESTRING (-112.0780948 33.4618439, -112.0790561 33.4617723, -112.0805595 33.4614847, -112.0810225 33.4613961, -112.0818554 33.4612982, -112.0825411 33.4612177, -112.0843098 33.4611813, -112.0861123 33.4613603, -112.0875434 33.461499)",1.04
2006,428,466,2/6/2016,1,1,1400_1800,6356.5,1589.125,58.760416666249995,27.080883272312885,0,0,none,none,1493.75,1628.0,4.255397489539749,<PSTW,55.395833332500004,"LINESTRING (-112.0780948 33.4618439, -112.0790561 33.4617723, -112.0805595 33.4614847, -112.0810225 33.4613961, -112.0818554 33.4612982, -112.0825411 33.4612177, -112.0843098 33.4611813, -112.0861123 33.4613603, -112.0875434 33.461499)",1.04
2006,428,466,2/7/2016,1,1,1400_1800,5448.0,1362.0,64.140625,21.232440452261784,0,0,none,none,1527.5,1522.0,3.5666121112929625,<PSTW,64.1875,"LINESTRING (-112.0780948 33.4618439, -112.0790561 33.4617723, -112.0805595 33.4614847, -112.0810225 33.4613961, -112.0818554 33.4612982, -112.0825411 33.4612177, -112.0843098 33.4611813, -112.0861123 33.4613603, -112.0875434 33.461499)",1.04
2006,428,466,2/8/2016,1,1,1400_1800,4742.0,1185.5,30.958333333125,44.88598634679262,2,15,14:30,18:00,3969.75,1134.2142857142858,1.1945336608098747,3.5,27.535714285714285,"LINESTRING (-112.0780948 33.4618439, -112.0790561 33.4617723, -112.0805595 33.4614847, -112.0810225 33.4613961, -112.0818554 33.4612982, -112.0825411 33.4612177, -112.0843098 33.4611813, -112.0861123 33.4613603, -112.0875434 33.461499)",1.04
2006,428,466,2/9/2016,1,1,1400_1800,4598.0,1149.5,28.572916666,53.40032638216391,2,15,14:30,18:00,3808.0,1088.0,1.2074579831932772,3.5,24.50595238042857,"LINESTRING (-112.0780948 33.4618439, -112.0790561 33.4617723, -112.0805595 33.4614847, -112.0810225 33.4613961, -112.0818554 33.4612982, -112.0825411 33.4612177, -112.0843098 33.4611813, -112.0861123 33.4613603, -112.0875434 33.461499)",1.04
