name,node_id,osm_node_id,osm_highway,zone_id,ctrl_type,node_type,activity_type,is_boundary,x_coord,y_coord,geometry,main_node_id
,0,116084978,motorway_junction,,0,,,,-94.1787105,36.3529441,,
,1,116085016,traffic_signals,,1,,,,-94.1771627,36.3563535,,
,2,116086127,motorway_junction,,0,,,,-94.1826111,36.3386692,,
,3,116086149,traffic_signals,,1,,,,-94.1844541,36.3350674,,
,4,116086164,,,0,,,,-94.1845638,36.3316927,,
,5,116086618,traffic_signals,,1,,,,-94.1791764,36.3563874,,
,6,116086646,motorway_junction,,0,,,,-94.1789566,36.3535047,,
,7,116088054,motorway_junction,,0,,,,-94.1843252,36.331276,,
,8,116088067,traffic_signals,,1,,,,-94.182463,36.335024,,
,9,116088084,,,0,,,,-94.1823836,36.3383448,,
,10,116094964,,,0,,,,-93.9764596,36.4472964,,
,11,116095265,traffic_signals,,1,,,,-94.2109189,36.342909,,
,12,116127911,,,0,,,,-93.8670004,36.4822749,,
,13,116163474,,,0,,,,-94.2085202,36.3355079,,
,14,116163530,traffic_signals,,1,,,,-94.1975622,36.3353241,,
,15,116184742,,,0,,,,-93.9856136,36.4442393,,
,16,116184960,,,0,,,,-93.9651439,36.4504567,,
,17,116297193,traffic_signals,,1,,,,-94.125688,36.3335084,,
,18,116298967,traffic_signals,,1,,,,-94.1374932,36.2249185,,
,19,116300519,,,0,,,,-94.1234948,36.3552157,,
,20,116363024,traffic_signals,,1,,,,-94.0725001,36.4020544,,
,21,116375847,,,0,,,,-93.2975578,36.2940647,,
,22,116375937,,,0,,,,-93.289774,36.294786,,
,23,116380187,,,0,,,,-94.071073,36.4082474,,
,24,116380853,,,0,,,,-93.9382566,36.4874132,,
,25,116380904,,,0,,,,-93.931562,36.490239,,
,26,116380916,,,0,,,,-93.9313178,36.4900619,,
,27,116380971,,,0,,,,-93.9262822,36.4873256,,
,28,116397256,crossing,,0,,,,-94.1920156,36.3569676,,
,29,116408242,,,0,,,,-93.27804,36.292524,,
,30,116416159,traffic_signals,,1,,,,-94.1698481,36.356203,,
,31,116416226,traffic_signals,,1,,,,-94.1162611,36.3550831,,
,32,116439696,,,0,,,,-93.7467222,36.3988987,,
,33,116450379,traffic_signals,,1,,,,-94.1272019,36.2935361,,
,34,116452739,traffic_signals,,1,,,,-94.2214863,36.3724815,,
,35,116452762,traffic_signals,,1,,,,-94.221163,36.3861663,,
,36,116452797,,,0,,,,-94.2207748,36.3927408,,
,37,116470283,,,0,,,,-93.7421404,36.3941986,,
,38,116470287,,,0,,,,-93.7423627,36.3937324,,
,39,116478218,,,0,,,,-93.5613391,36.3589338,,
,40,116480128,,,0,,,,-93.5696856,36.3705728,,
,41,116480167,,,0,,,,-93.5783233,36.3706929,,
,42,116480194,,,0,,,,-93.5798565,36.370716,,
,43,116484464,,,0,,,,-93.4135684,36.3346793,,
,44,116486209,,,0,,,,-93.5672429,36.3705579,,
,45,116489023,,,0,,,,-93.5686676,36.3669328,,
,46,116489834,,,0,,,,-93.435997,36.3354058,,
,47,116489901,,,0,,,,-93.453847,36.338026,,
,48,116492010,,,0,,,,-93.565728,36.3648235,,
,49,116494688,,,0,,,,-93.566114,36.391055,,
,50,116497610,,,0,,,,-93.5675429,36.3649511,,
,51,116498405,,,0,,,,-93.7355869,36.387138,,
,52,116498408,,,0,,,,-93.7355299,36.3874102,,
,53,116505779,,,0,,,,-93.4360781,36.4562116,,
,54,116509393,,,0,,,,-93.5484727,36.3534942,,
,55,116514167,,,0,,,,-93.5776128,36.3672282,,
,56,116521790,,,0,,,,-93.585106,36.377704,,
,57,116521800,,,0,,,,-93.5874854,36.3791598,,
,58,116522040,,,0,,,,-94.2091577,36.3569413,,
,59,116528709,,,0,,,,-93.5623758,36.3593971,,
,60,116529630,,,0,,,,-93.563991,36.360399,,
,61,116529667,,,0,,,,-93.7419904,36.3936625,,
,62,116533078,traffic_signals,,1,,,,-94.1368393,36.2540805,,
,63,116538515,,,0,,,,-93.546422,36.1385298,,
,64,116538526,,,0,,,,-93.5509082,36.1357188,,
,65,116541750,,,0,,,,-93.3974302,36.4987073,,
,66,116542667,,,0,,,,-93.743996,36.378362,,
,67,116552544,traffic_signals,,1,,,,-94.1835072,36.3564855,,
,68,116553515,,,0,,,,-93.8229462,36.4499868,,
,69,116553880,,,0,,,,-93.7915231,36.4415462,,
,70,116554196,,,0,,,,-93.3793113,36.3214728,,
,71,116563193,,,0,,,,-93.0538189,34.1137002,,
,72,116563223,,,0,,,,-93.0535531,34.1209832,,
,73,116565866,,,0,,,,-93.7417656,36.3812741,,
,74,116579997,traffic_signals,,1,,,,-94.137136,36.2395566,,
,75,116580824,,,0,,,,-94.210946,36.3372371,,
,76,116580836,,,0,,,,-94.2110728,36.336724,,
,77,116581285,traffic_signals,,1,,,,-94.1969685,36.3567154,,
,78,116589172,,,0,,,,-93.1510711,33.9407153,,
,79,116592896,,,0,,,,-93.0714481,34.1731319,,
,80,116592972,,,0,,,,-93.1541943,33.9208444,,
,81,116603062,,,0,,,,-93.0705747,34.1820877,,
,82,116603459,,,0,,,,-93.0571553,34.1210458,,
,83,116605729,,,0,,,,-94.1157366,36.3552013,,
,84,116605869,,,0,,,,-94.0739347,36.400259,,
,85,116606436,,,0,,,,-93.0558412,34.1134275,,
,86,116607124,,,0,,,,-93.1605485,33.9176476,,
,87,116608633,,,0,,,,-93.1514823,33.9292279,,
,88,116611690,traffic_signals,,1,,,,-94.210732,36.3518272,,
,89,116612750,traffic_signals,,1,,,,-94.2132533,36.3570117,,
,90,116625434,,,0,,,,-93.0705785,34.1825256,,
,91,116642556,,,0,,,,-93.098832,34.054223,,
,92,116642593,,,0,,,,-93.0962786,34.0709408,,
,93,116647439,,,0,,,,-93.0978209,34.0605176,,
,94,116647441,,,0,,,,-93.0980239,34.0593276,,
,95,116649730,,,0,,,,-93.9313779,36.4906948,,
,96,116649733,,,0,,,,-93.9313554,36.4908999,,
,97,116649744,,,0,,,,-93.9312948,36.4937978,,
,98,116658649,traffic_signals,,1,,,,-94.2097894,36.3358934,,
,99,116700348,,,0,,,,-93.2738931,33.3450648,,
,100,116700389,,,0,,,,-93.2959947,33.3514678,,
,101,116700647,,,0,,,,-93.2505457,33.2965077,,
,102,116700662,,,0,,,,-93.2434592,33.2671646,,
,103,116701063,,,0,,,,-93.3422758,33.3502276,,
,104,116702496,,,0,,,,-93.2322986,33.2461492,,
,105,116713251,,,0,,,,-92.718665,35.152213,,
,106,116713253,,,0,,,,-92.718789,35.152211,,
,107,116713260,,,0,,,,-92.7220499,35.1521396,,
,108,116713264,,,0,,,,-92.72215,35.152142,,
,109,116713309,traffic_signals,,1,,,,-92.741258,35.152283,,
,110,116713314,traffic_signals,,1,,,,-92.745074,35.15282,,
,111,116716109,,,0,,,,-93.2126412,33.2969836,,
,112,116716115,,,0,,,,-93.2138728,33.2964981,,
,113,116717294,motorway_junction,,0,,,,-92.712585,35.174266,,
,114,116717305,,,0,,,,-92.7178123,35.1756544,,
,115,116717316,,,0,,,,-92.718208,35.17542,,
,116,116717325,,,0,,,,-92.723794,35.174401,,
,117,116717402,motorway_junction,,0,,,,-92.826596,35.217032,,
,118,116717431,motorway_junction,,0,,,,-92.828004,35.220696,,
,119,116717435,,,0,,,,-92.8280399,35.2211286,,
,120,116717449,,,0,,,,-92.828581,35.221191,,
,121,116717486,,,0,,,,-92.832986,35.22178,,
,122,116718502,motorway_junction,,0,,,,-92.5489202,35.1518937,,
,123,116718522,,,0,,,,-92.5528813,35.1544948,,
,124,116718559,,,0,,,,-92.557214,35.154392,,
,125,116719290,,,0,,,,-92.5487743,35.1515779,,
,126,116719383,motorway_junction,,0,,,,-92.558044,35.1543569,,
,127,116720795,,,0,,,,-92.827076,35.216882,,
,128,116720817,,,0,,,,-92.831537,35.217514,,
,129,116720848,motorway_junction,,0,,,,-92.833423,35.221631,,
,130,116721847,,,0,,,,-93.236828,33.297333,,
,131,116721886,,,0,,,,-93.2353943,33.2974271,,
,132,116723905,,,0,,,,-92.720425,35.152398,,
,133,116723984,,,0,,,,-92.720265,35.154778,,
,134,116724232,,,0,,,,-93.2163005,33.2640495,,
,135,116724294,,,0,,,,-93.2145745,33.278141,,
,136,116724384,,,0,,,,-93.2145145,33.2793226,,
,137,116725909,,,0,,,,-93.2129625,33.2952987,,
,138,116729668,,,0,,,,-92.712911,35.173947,,
,139,116729713,motorway_junction,,0,,,,-92.718235,35.17237,,
,140,116729751,motorway_junction,,0,,,,-92.723847,35.174106,,
,141,116740921,,,0,,,,-93.216091,33.2653186,,
,142,116742784,,,0,,,,-92.555363,35.148677,,
,143,116743578,,,0,,,,-93.2413539,33.267007,,
,144,116743580,,,0,,,,-93.2413526,33.2671248,,
,145,116744052,,,0,,,,-93.2393144,33.2670968,,
,146,116744472,,,0,,,,-93.2529124,33.2671815,,
,147,116744662,,,0,,,,-92.64108,35.160173,,
,148,116744720,,,0,,,,-93.283093,33.442724,,
,149,116744985,,,0,,,,-93.462003,33.092544,,
,150,116747152,,,0,,,,-93.1920248,33.0976692,,
,151,116748030,,,0,,,,-93.4607118,33.1001636,,
,152,116748043,,,0,,,,-93.4605519,33.1071483,,
,153,116748439,,,0,,,,-93.2403818,33.2669929,,
,154,116748442,,,0,,,,-93.2403816,33.2671241,,
,155,116748935,,,0,,,,-93.4617748,33.1002016,,
,156,116749888,,,0,,,,-93.2413559,33.2672103,,
,157,116752124,,,0,,,,-93.190388,33.089915,,
,158,116755297,,,0,,,,-93.1904539,33.1044227,,
,159,116755353,,,0,,,,-92.767527,35.107945,,
,160,116755549,,,0,,,,-92.710082,35.165722,,
,161,116755625,,,0,,,,-92.7178709,35.1738128,,
,162,116755999,,,0,,,,-93.4630051,33.1002606,,
,163,116757675,,,0,,,,-93.2162142,33.2645949,,
,164,116761661,,,0,,,,-92.833334,35.216338,,
,165,116763865,,,0,,,,-92.636846,35.159834,,
,166,116763960,,,0,,,,-93.2403822,33.2671914,,
,167,116767051,,,0,,,,-93.1996063,33.3494624,,
,168,116768727,,,0,,,,-93.2045299,33.3393915,,
,169,116769752,,,0,,,,-92.771064,35.081786,,
,170,116772716,,,0,,,,-92.638492,35.15989,,
,171,116780524,,,0,,,,-93.2127622,33.2963387,,
,172,116781597,,,0,,,,-93.2306414,33.2434523,,
,173,116782940,,,0,,,,-93.3383652,33.349459,,
,174,116782970,,,0,,,,-93.4127183,33.3588643,,
,175,116788043,,,0,,,,-94.2262786,35.4845582,,
,176,116788046,traffic_signals,,1,,,,-94.2261272,35.4882966,,0
,177,116788055,traffic_signals,,1,,,,-94.2261689,35.4897243,,
,178,116797908,motorway_junction,,0,,,,-94.10819,35.5177366,,
,179,116813191,,,0,,,,-92.767955,35.167522,,
,180,116813336,,,0,,,,-92.5246625,35.1149918,,
,181,116835301,,,0,,,,-90.1853067,35.1688382,,
,182,116835311,,,0,,,,-90.1850699,35.1678985,,
,183,116839483,,,0,,,,-90.4004554,35.1507256,,
,184,116841952,,,0,,,,-90.1844964,35.1689988,,
,185,116842789,,,0,,,,-90.1349335,35.1464273,,
,186,116844207,,,0,,,,-90.4028452,35.1506659,,
,187,116844222,,,0,,,,-90.4004207,35.1531359,,
,188,116844238,motorway_junction,,0,,,,-90.3969915,35.151508,,
,189,116844319,motorway_junction,,0,,,,-90.4042013,35.149929,,
,190,116845201,,,0,,,,-90.2062381,35.2118585,,
,191,116845475,,,0,,,,-90.2065761,35.2127897,,
,192,116846819,,,0,,,,-94.1327116,35.499136,,
,193,116847101,,,0,,,,-90.2080965,35.2117471,,
,194,116847104,,,0,,,,-90.2068905,35.2115079,,
,195,116847113,,,0,,,,-90.2072767,35.2126229,,
,196,116847311,,,0,,,,-90.1846182,35.1748903,,
,197,116849451,,,0,,,,-94.0484777,35.5025018,,
,198,116852498,,,0,,,,-94.2162972,35.4772708,,
,199,116854821,,,0,,,,-90.2063841,35.2122722,,
,200,116855799,,,0,,,,-94.033187,35.501318,,
,201,116857776,,,0,,,,-90.2070964,35.2120408,,
,202,116859534,,,0,,,,-94.1265474,35.5044159,,
,203,116859559,,,0,,,,-94.1133894,35.5111605,,
,204,116859606,,,0,,,,-94.054532,35.5025994,,
,205,116859968,,,0,,,,-90.1840737,35.1465084,,
,206,116859997,,,0,,,,-90.1757983,35.1465025,,
,207,116861378,,,0,,,,-94.1134981,35.5135559,,
,208,116861432,motorway_junction,,0,,,,-94.2206909,35.4901947,,
,209,116861576,,,0,,,,-94.1136483,35.5173721,,
,210,116861591,,,0,,,,-94.1170827,35.5142213,,
,211,116862393,traffic_signals,,1,,,,-90.1847133,35.1615817,,
,212,116862588,,,0,,,,-90.1997934,35.1461665,,
,213,116863781,,,0,,,,-94.3539748,35.4323062,,
,214,116865756,traffic_signals,,1,,,,-94.3470256,35.4367059,,
,215,116866820,,,0,,,,-94.2210359,35.4854493,,
,216,116866988,,,0,,,,-94.0518527,35.502532,,
,217,116867600,,,0,,,,-94.1507379,35.4942273,,
,218,116870631,,,0,,,,-90.8093298,35.7795465,,
,219,116872112,,,0,,,,-90.1847719,35.1666428,,
,220,116873851,,,0,,,,-90.2360655,35.1467605,,
,221,116873862,traffic_signals,,1,,,,-90.2245363,35.1466627,,
,222,116877318,,,0,,,,-94.336988,35.4367227,,
,223,116882469,,,0,,,,-90.1861038,35.1465232,,
,224,116884297,,,0,,,,-90.1338951,35.146389,,
,225,116885967,,,0,,,,-90.49741,35.266642,,
,226,116887075,,,0,,,,-90.407898,35.001929,,
,227,116888168,,,0,,,,-90.2544152,35.3641987,,
,228,116888699,,,0,,,,-90.4945213,35.2672197,,
,229,116890012,,,0,,,,-94.2263153,35.4827558,,
,230,116890035,,,0,,,,-94.2263177,35.4832182,,
,231,116890049,,,0,,,,-94.2246993,35.4839145,,
,232,116892032,,,0,,,,-94.1166485,35.7644917,,
,233,116897785,,,0,,,,-90.9960118,35.3979467,,
,234,116897788,,,0,,,,-90.9957254,35.3972203,,
,235,116901703,,,0,,,,-90.7118225,35.248641,,
,236,116905938,,,0,,,,-90.7807529,35.2514454,,
,237,116905942,,,0,,,,-90.7791104,35.2519474,,
,238,116909466,,,0,,,,-90.9167307,35.2515312,,
,239,116909524,,,0,,,,-90.7936581,35.2540191,,
,240,116909547,,,0,,,,-90.782865,35.2531436,,
,241,116909555,traffic_signals,,1,,,,-90.7805121,35.2523785,,
,242,116909737,,,0,,,,-90.7136231,35.2473193,,
,243,116914193,,,0,,,,-90.7809841,35.2504587,,
,244,116914329,,,0,,,,-90.7935532,35.201034,,
,245,116914612,,,0,,,,-90.7871007,35.2235887,,
,246,116918129,,,0,,,,-91.0290131,35.2518997,,
,247,116925064,,,0,,,,-90.9970871,35.3949552,,
,248,116925126,,,0,,,,-90.9932966,35.4117235,,
,249,116928310,,,0,,,,-91.0406917,35.2517678,,
,250,116930090,,,0,,,,-91.0295388,35.2518997,,
,251,116932936,,,0,,,,-91.4614059,33.8824723,,
,252,116932949,,,0,,,,-91.4676835,33.8826553,,
,253,116932968,traffic_signals,,1,,,,-91.483462,33.8833509,,
,254,116932972,,,0,,,,-91.4830138,33.8833343,,
,255,116932986,,,0,,,,-91.4783147,33.8830643,,
,256,116935251,,,0,,,,-91.4834063,33.8829982,,
,257,116993679,,,0,,,,-92.4406774,35.1073508,,
,258,116994790,,,0,,,,-92.4476173,35.1122689,,
,259,116994795,traffic_signals,,1,,,,-92.4469227,35.1122908,,
,260,116997474,motorway_junction,,0,,,,-93.8598413,35.5219168,,
,261,116997476,,,0,,,,-93.864938,35.522305,,
,262,116997485,,,0,,,,-93.8706696,35.5213191,,
,263,116997590,,,0,,,,-93.8335224,35.4785162,,
,264,116998196,motorway_junction,,0,,,,-92.4379954,35.1119312,,
,265,116998285,,,0,,,,-92.4240494,35.0916372,,
,266,116998291,motorway_junction,,0,,,,-92.4323643,35.1067753,,
,267,116998302,motorway_junction,,0,,,,-92.433375,35.1115637,,
,268,116998316,,,0,,,,-92.4380262,35.1129052,,
,269,116998667,,,0,,,,-93.8651371,35.5203974,,
,270,117005379,,,0,,,,-92.4277028,35.0916414,,
,271,117005393,traffic_signals,,1,,,,-92.4366798,35.0918344,,
,272,117017867,,,0,,,,-93.7611606,35.4466084,,
,273,117018117,,,0,,,,-93.8079506,35.4821628,,
,274,117018194,,,0,,,,-93.8252489,35.4866901,,
,275,117018809,,,0,,,,-94.0437219,35.2971703,,
,276,117021332,,,0,,,,-93.8463964,35.5086779,,
,277,117021555,,,0,,,,-92.4473056,35.1131569,,
,278,117025353,,,0,,,,-93.8744682,35.4974439,,
,279,117029294,,,0,,,,-93.8435632,35.4960481,,
,280,117033320,,,0,,,,-93.9894377,35.2962442,,
,281,117034439,,,0,,,,-93.8320665,35.4874801,,
,282,117034463,,,0,,,,-93.8433535,35.4890926,,
,283,117034466,,,0,,,,-93.843894,35.4891926,,
,284,117037654,,,0,,,,-93.7078022,35.4416722,,
,285,117039103,,,0,,,,-93.843316,35.4895976,,
,286,117045108,,,0,,,,-93.7181722,35.445393,,
,287,117047616,,,0,,,,-93.9262882,35.3059955,,
,288,117049977,,,0,,,,-93.8322097,35.4854168,,
,289,117054954,,,0,,,,-93.8329895,35.4811393,,
,290,117062871,,,0,,,,-93.110095,34.4923818,,
,291,117072221,,,0,,,,-93.115606,34.4775844,,
,292,117072236,,,0,,,,-93.1144396,34.4780589,,
,293,117072242,motorway_junction,,0,,,,-93.1145521,34.4747552,,
,294,117075308,,,0,,,,-93.1167044,34.4937287,,
,295,117075743,,,0,,,,-93.1135873,34.4926146,,
,296,117078829,,,0,,,,-92.3955043,34.3233451,,
,297,117080455,,,0,,,,-92.9902173,34.4715214,,
,298,117080459,,,0,,,,-92.636365,34.323801,,
,299,117083674,,,0,,,,-92.6406145,34.3239543,,
,300,117095561,,,0,,,,-92.3991244,34.3067924,,
,301,117095704,,,0,,,,-92.639898,34.32394,,
,302,117108859,,,0,,,,-93.0639566,34.4979833,,
,303,117111132,,,0,,,,-92.4002793,34.3067886,,
,304,117112913,,,0,,,,-93.0639232,34.5019495,,
,305,117118069,,,0,,,,-92.550623,34.314855,,
,306,117120936,,,0,,,,-92.4263272,34.3124184,,
,307,117124212,,,0,,,,-92.3897085,34.3070612,,
,308,117129362,,,0,,,,-93.593497,33.639115,,
,309,117131707,,,0,,,,-93.0477515,34.503897,,
,310,117133417,,,0,,,,-93.5992576,33.692532,,
,311,117135059,,,0,,,,-93.613345,33.680172,,
,312,117135089,,,0,,,,-93.6121445,33.6831363,,
,313,117135628,motorway_junction,,0,,,,-93.61472,33.678637,,
,314,117135662,,,0,,,,-93.608829,33.680752,,
,315,117135669,,,0,,,,-93.608355,33.680856,,
,316,117135677,,,0,,,,-93.6084998,33.6809526,,
,317,117135717,,,0,,,,-93.607117,33.684197,,
,318,117136726,,,0,,,,-93.571013,33.668175,,
,319,117137386,,,0,,,,-93.572274,33.668044,,
,320,117141173,motorway_junction,,0,,,,-93.606072,33.685509,,
,321,117146065,,,0,,,,-93.0503985,34.5028575,,
,322,117148023,,,0,,,,-93.604829,33.903518,,
,323,117151578,traffic_signals,,1,,,,-93.6052372,33.6798553,,
,324,117152645,,,0,,,,-93.586928,33.645865,,
,325,117152663,,,0,,,,-93.586432,33.646296,,
,326,117155966,,,0,,,,-93.571689,33.657321,,
,327,117155987,,,0,,,,-93.572145,33.65708,,
,328,117157714,,,0,,,,-92.8262672,34.3761079,,
,329,117157722,,,0,,,,-92.8268076,34.376979,,
,330,117159812,,,0,,,,-92.8277714,34.3955007,,
,331,117161331,motorway_junction,,0,,,,-93.596824,33.691546,,
,332,117161392,,,0,,,,-93.5978693,33.6897336,,
,333,117162725,,,0,,,,-93.5993186,33.6926625,,
,334,117162763,motorway_junction,,0,,,,-93.594213,33.694151,,
,335,117162769,,,0,,,,-93.5978201,33.6896311,,
,336,117162835,,,0,,,,-93.594336,33.693431,,
,337,117164075,,,0,,,,-93.0704994,34.4973391,,
,338,117164103,,,0,,,,-93.1149131,34.4929302,,
,339,117164684,,,0,,,,-93.404795,34.524141,,
,340,117164762,,,0,,,,-93.112094,34.4924661,,
,341,117164964,,,0,,,,-93.57087,33.656433,,
,342,117164978,,,0,,,,-93.57174,33.657441,,
,343,117165763,,,0,,,,-93.5968743,33.6677852,,
,344,117168691,,,0,,,,-93.599453,33.882149,,
,345,117168759,,,0,,,,-93.586295,33.872987,,
,346,117168769,,,0,,,,-93.650068,33.917006,,
,347,117169124,,,0,,,,-93.8247136,33.9508489,,
,348,117169175,,,0,,,,-93.643045,33.916893,,
,349,117169311,,,0,,,,-93.46195,33.825004,,
,350,117169608,,,0,,,,-93.564565,33.871257,,
,351,117171669,,,0,,,,-93.5970649,33.6881187,,
,352,117173437,,,0,,,,-92.8287557,34.3945518,,
,353,117182700,,,0,,,,-93.717951,33.84422,,
,354,117182773,,,0,,,,-93.7270015,33.8492589,,
,355,117183208,,,0,,,,-93.0380112,34.5172667,,
,356,117183341,,,0,,,,-93.546412,33.692522,,
,357,117183702,,,0,,,,-93.0378979,34.5171046,,
,358,117186712,,,0,,,,-93.5871,33.646346,,
,359,117186893,,,0,,,,-93.0702014,34.5018503,,
,360,117186925,,,0,,,,-93.5757981,33.6681612,,
,361,117186997,,,0,,,,-93.5751534,33.6588097,,
,362,117186998,,,0,,,,-93.575155,33.6585099,,
,363,117188387,,,0,,,,-93.477736,33.642527,,
,364,117188692,,,0,,,,-93.564688,33.654094,,
,365,117188722,,,0,,,,-93.625565,33.68704,,
,366,117190677,,,0,,,,-93.8241916,33.9710164,,
,367,117196904,,,0,,,,-93.591596,33.6670299,,
,368,117196971,,,0,,,,-92.8161021,34.3667273,,
,369,117196984,,,0,,,,-92.8187874,34.3696334,,
,370,117197186,,,0,,,,-92.7664386,34.3651154,,
,371,117198836,,,0,,,,-93.588265,33.646405,,
,372,117198898,,,0,,,,-93.593016,33.645008,,
,373,117198915,,,0,,,,-93.598129,33.687844,,
,374,117201387,,,0,,,,-92.9882547,34.2293933,,
,375,117201822,traffic_signals,,1,,,,-93.596264,33.665904,,
,376,117202376,traffic_signals,,1,,,,-92.8289183,34.3910676,,
,377,117204921,,,0,,,,-92.8281029,34.3853535,,
,378,117206002,,,0,,,,-93.6192855,33.662184,,
,379,117210374,,,0,,,,-92.8193312,34.3582806,,
,380,117212225,,,0,,,,-93.568057,33.871503,,
,381,117212236,,,0,,,,-93.57683,33.871712,,
,382,117213521,,,0,,,,-92.8383861,34.313152,,
,383,117214009,,,0,,,,-93.350266,34.396782,,
,384,117218281,,,0,,,,-92.8908694,34.2569344,,
,385,117218698,,,0,,,,-92.8123836,34.3623679,,
,386,117221082,,,0,,,,-93.477153,33.725913,,
,387,117223827,,,0,,,,-92.7674208,34.3649303,,
,388,117224183,,,0,,,,-93.2121851,34.4475521,,
,389,117226795,,,0,,,,-93.587088,33.647092,,
,390,117232009,,,0,,,,-92.7257851,34.473721,,
,391,117236373,,,0,,,,-92.9270971,34.2375814,,
,392,117241685,,,0,,,,-93.7727743,34.0074867,,
,393,117248888,,,0,,,,-93.9546954,34.0503364,,
,394,117260198,,,0,,,,-93.8774645,33.9523052,,
,395,117260200,,,0,,,,-93.8780691,33.9529019,,
,396,117274305,,,0,,,,-93.8360833,33.9295033,,
,397,117275168,,,0,,,,-93.9474344,34.0263908,,
,398,117275203,,,0,,,,-93.8643528,33.9518939,,
,399,117275666,,,0,,,,-94.0587139,33.961936,,
,400,117275668,,,0,,,,-94.055742,33.9617647,,
,401,117275780,,,0,,,,-93.9128958,33.9495899,,
,402,117275822,,,0,,,,-93.8781066,33.9523118,,
,403,117279119,,,0,,,,-94.0238191,34.1163031,,
,404,117282044,,,0,,,,-93.9116999,33.8751668,,
,405,117282574,,,0,,,,-93.9097975,33.8804239,,
,406,117284263,,,0,,,,-94.0104022,34.1234443,,
,407,117284275,,,0,,,,-93.9365327,33.9984648,,
,408,117284328,,,0,,,,-93.9459887,34.0261351,,
,409,117284817,,,0,,,,-94.0051335,34.1609527,,
,410,117291346,,,0,,,,-93.8410127,33.9481616,,
,411,117293089,,,0,,,,-93.8600231,33.9212557,,
,412,117298323,,,0,,,,-93.8424051,33.9480387,,
,413,117301221,,,0,,,,-94.0171216,34.1176204,,
,414,117301225,,,0,,,,-94.016895,34.1203128,,
,415,117301245,,,0,,,,-94.0175025,34.1327711,,
,416,117303105,,,0,,,,-93.8470279,33.9482918,,
,417,117303460,,,0,,,,-93.8508231,33.9498733,,
,418,117309033,,,0,,,,-93.8508612,33.9483273,,
,419,117312433,,,0,,,,-93.937775,33.874004,,
,420,117312864,,,0,,,,-93.925175,34.214468,,
,421,117318920,,,0,,,,-94.0111838,34.1205038,,
,422,117322649,,,0,,,,-93.9213538,33.8754245,,
,423,117370033,,,0,,,,-93.53545,35.45655,,
,424,117375047,,,0,,,,-93.38413,35.41647,,
,425,117375278,,,0,,,,-93.52215,35.46432,,
,426,117375296,motorway_junction,,0,,,,-93.5202413,35.4643824,,
,427,117375312,,,0,,,,-93.51726,35.46301,,
,428,117375353,motorway_junction,,0,,,,-93.51767,35.46348,,
,429,117375382,,,0,,,,-93.5244,35.46662,,
,430,117377768,,,0,,,,-93.38151,35.41158,,
,431,117377784,,,0,,,,-93.3841106,35.4130973,,
,432,117377786,,,0,,,,-93.384352,35.4132393,,
,433,117377789,motorway_junction,,0,,,,-93.3846833,35.4131184,,
,434,117377812,motorway_junction,,0,,,,-93.38719,35.4161,,
,435,117378205,,,0,,,,-93.6523657,33.1073412,,
,436,117384158,,,0,,,,-93.38703,35.4163,,
,437,117384166,,,0,,,,-93.3841848,35.4154691,,
,438,117384196,motorway_junction,,0,,,,-93.38181,35.41229,,
,439,117389721,motorway_junction,,0,,,,-92.10349,34.257699,,
,440,117389733,,,0,,,,-92.103343,34.260197,,
,441,117389735,,,0,,,,-92.1032366,34.2610152,,
,442,117389757,,,0,,,,-92.104713,34.264876,,
,443,117395169,motorway_junction,,0,,,,-92.105223,34.265373,,
,444,117395178,,,0,,,,-92.1052813,34.2618886,,
,445,117395181,,,0,,,,-92.1052719,34.2615668,,
,446,117395201,,,0,,,,-92.103829,34.25794,,
,447,117397409,,,0,,,,-93.40842,35.45413,,
,448,117399807,,,0,,,,-91.847201,34.319072,,
,449,117399824,,,0,,,,-91.844731,34.321268,,
,450,117402575,,,0,,,,-92.108945,34.263428,,
,451,117408316,,,0,,,,-93.652228,33.097223,,
,452,117409950,,,0,,,,-93.45917,35.47147,,
,453,117409962,,,0,,,,-93.4593278,35.4711447,,
,454,117410824,,,0,,,,-93.637585,35.432311,,
,455,117420694,,,0,,,,-93.676331,33.019316,,
,456,117420867,,,0,,,,-93.656423,33.091143,,
,457,117421029,,,0,,,,-93.38745,35.44164,,
,458,117421351,,,0,,,,-93.576934,33.349581,,
,459,117421392,,,0,,,,-93.5743714,33.389182,,
,460,117424892,,,0,,,,-93.576276,33.360199,,
,461,117424909,,,0,,,,-93.577454,33.360261,,
,462,117425211,,,0,,,,-92.0198857,34.2292789,,
,463,117425220,,,0,,,,-93.4607522,35.4711813,,
,464,117425376,,,0,,,,-91.965486,34.213027,,
,465,117426100,,,0,,,,-91.965636,34.213021,,
,466,117432023,,,0,,,,-91.79906,34.358812,,
,467,117432058,,,0,,,,-91.7934527,34.364075,,
,468,117444807,,,0,,,,-91.843444,34.324229,,
,469,117448608,,,0,,,,-92.0009134,34.2867148,,
,470,117448676,,,0,,,,-91.9818434,34.2996007,,
,471,117448717,,,0,,,,-91.962472,34.300691,,
,472,117448924,,,0,,,,-91.872081,34.317885,,
,473,117448933,,,0,,,,-91.8681923,34.3185671,,
,474,117448985,,,0,,,,-91.836475,34.342579,,
,475,117449125,,,0,,,,-91.7066513,34.4221008,,
,476,117454438,,,0,,,,-91.8686203,34.3177674,,
,477,117480092,,,0,,,,-93.3799671,35.4049715,,
,478,117480145,,,0,,,,-93.38413,35.4163,,
,479,117520074,,,0,,,,-90.767142,34.7565236,,
,480,117520081,,,0,,,,-90.7670791,34.7580036,,
,481,117527552,,,0,,,,-90.7723127,34.778255,,
,482,117527558,,,0,,,,-90.7728543,34.7783402,,
,483,117536046,,,0,,,,-90.7726759,34.7780334,,
,484,117544139,,,0,,,,-90.7722635,34.7746089,,
,485,117544287,,,0,,,,-90.7869471,34.7912824,,
,486,117544626,,,0,,,,-90.7999359,34.7749736,,
,487,117544971,,,0,,,,-90.528229,34.905264,,
,488,117554665,,,0,,,,-90.7931437,34.7957698,,
,489,117566110,,,0,,,,-93.921227,35.136466,,
,490,117566117,,,0,,,,-93.92231,35.136668,,
,491,117567225,,,0,,,,-94.1480644,33.7484334,,
,492,117572387,,,0,,,,-94.1108141,33.6531159,,
,493,117580663,,,0,,,,-93.921199,35.1485447,,
,494,117582162,traffic_signals,,1,,,,-91.957676,34.546409,,
,495,117587742,,,0,,,,-94.14603,33.704747,,
,496,117589174,,,0,,,,-91.9478117,34.5463566,,
,497,117589967,,,0,,,,-93.924096,35.105701,,
,498,117589977,,,0,,,,-93.923926,35.105604,,
,499,117591066,,,0,,,,-91.9726408,34.550209,,
,500,117591988,,,0,,,,-92.0338743,34.9795372,,
,501,117592021,,,0,,,,-92.0318506,34.9790247,,
,502,117592025,,,0,,,,-92.031636,34.9793479,,
,503,117592033,,,0,,,,-91.8679923,34.7835697,,
,504,117594188,,,0,,,,-92.0368404,34.9805517,,
,505,117594197,,,0,,,,-92.0373864,34.9810472,,
,506,117594213,,,0,,,,-92.0365231,34.9808078,,
,507,117594256,motorway_junction,,0,,,,-92.0364388,34.980206,,
,508,117596532,,,0,,,,-93.917501,35.306639,,
,509,117598298,,,0,,,,-93.6369286,35.2938504,,
,510,117598301,,,0,,,,-93.637113,35.2936622,,
,511,117602464,,,0,,,,-94.129341,33.6719654,,
,512,117605905,,,0,,,,-93.7964246,35.1497601,,
,513,117605910,,,0,,,,-93.7978004,35.149773,,
,514,117605962,,,0,,,,-93.8071999,35.1498731,,
,515,117607240,,,0,,,,-93.6780514,35.2950162,,
,516,117608327,,,0,,,,-93.9211874,35.1487139,,
,517,117610067,,,0,,,,-93.92203,35.138074,,
,518,117612209,,,0,,,,-93.729952,35.2921225,,
,519,117613572,,,0,,,,-92.0354818,34.9804778,,
,520,117614475,,,0,,,,-92.0321229,34.9794751,,
,521,117614500,motorway_junction,,0,,,,-92.0372022,34.9759325,,
,522,117614527,,,0,,,,-92.030831,34.979082,,
,523,117620848,,,0,,,,-93.9218517,35.140198,,
,524,117620886,,,0,,,,-93.9285146,35.1405908,,
,525,117620947,,,0,,,,-93.941648,35.141698,,
,526,117620986,,,0,,,,-93.9561458,35.142431,,
,527,117623393,,,0,,,,-93.8989411,35.1425372,,
,528,117626055,,,0,,,,-92.00954,34.6054507,,
,529,117626206,,,0,,,,-91.7559721,34.5417338,,
,530,117626218,,,0,,,,-91.7589114,34.5418205,,
,531,117626317,,,0,,,,-91.7524204,34.5410386,,
,532,117632404,,,0,,,,-92.0163239,34.9748756,,
,533,117643409,,,0,,,,-91.9569151,34.5463964,,
,534,117643456,traffic_signals,,1,,,,-91.9691922,34.5439908,,
,535,117644017,,,0,,,,-91.7620849,34.7789659,,
,536,117649952,,,0,,,,-91.900037,34.7839191,,
,537,117651404,,,0,,,,-91.9152427,34.7644468,,
,538,117653474,,,0,,,,-93.819472,35.150832,,
,539,117655101,,,0,,,,-92.024478,34.763882,,
,540,117655718,,,0,,,,-91.7467802,34.7803523,,
,541,117655853,,,0,,,,-91.7323725,34.7817139,,
,542,117655934,,,0,,,,-91.770979,34.541272,,
,543,117656789,,,0,,,,-91.6979499,34.7815914,,
,544,117656922,,,0,,,,-91.9146046,34.7823863,,
,545,117657520,traffic_signals,,1,,,,-91.9705816,34.5467656,,
,546,117660035,,,0,,,,-93.7609007,35.2930978,,
,547,117660407,,,0,,,,-93.864099,35.3018882,,
,548,117660494,,,0,,,,-93.8559542,35.3015483,,
,549,117660624,,,0,,,,-93.7954926,35.8119162,,
,550,117675627,,,0,,,,-93.7336531,36.1233864,,
,551,117675640,,,0,,,,-93.7291723,36.1218126,,
,552,117675705,,,0,,,,-93.7329609,36.1217492,,
,553,117675800,,,0,,,,-93.7340227,36.1202766,,
,554,117681920,,,0,,,,-91.9924402,34.9819668,,
,555,117684303,,,0,,,,-93.7445631,36.0981909,,
,556,117684427,,,0,,,,-93.7690834,36.1138856,,
,557,117684466,,,0,,,,-93.7291099,36.0943427,,
,558,117684559,,,0,,,,-93.7071343,36.1134432,,
,559,117684572,,,0,,,,-93.7053061,36.1143459,,
,560,117687521,,,0,,,,-93.914705,35.1400412,,
,561,117687617,,,0,,,,-93.9046149,35.141599,,
,562,117687850,,,0,,,,-93.740872,36.0866318,,
,563,117687862,,,0,,,,-93.7366353,36.0874,,
,564,117687866,,,0,,,,-93.7357124,36.0873792,,
,565,117700765,,,0,,,,-93.7353416,36.0877576,,
,566,117700768,,,0,,,,-93.7357159,36.0877624,,
,567,117700770,,,0,,,,-93.7360192,36.0877652,,
,568,117704891,,,0,,,,-93.7349671,36.0856017,,
,569,117704903,,,0,,,,-93.7329972,36.0873154,,
,570,117705288,,,0,,,,-93.923716,35.106216,,
,571,117709822,,,0,,,,-93.7349488,36.087362,,
,572,117713357,,,0,,,,-93.7327758,36.0785411,,
,573,117717262,,,0,,,,-93.7638754,35.8242541,,
,574,117717293,,,0,,,,-93.7634284,35.8260629,,
,575,117725452,,,0,,,,-93.8914936,35.144826,,
,576,117726698,,,0,,,,-93.7081541,35.1309825,,
,577,117726753,,,0,,,,-93.7135723,35.1313144,,
,578,117732603,,,0,,,,-93.7347915,36.1211961,,
,579,117732891,,,0,,,,-93.6939946,36.1205654,,
,580,117733043,,,0,,,,-93.7349545,36.0877496,,
,581,117733626,,,0,,,,-93.7951432,35.8120614,,
,582,117735628,,,0,,,,-93.9192751,35.1555716,,
,583,117735844,,,0,,,,-93.7315843,36.0874986,,
,584,117739799,,,0,,,,-93.7915799,35.8131624,,
,585,117739895,,,0,,,,-93.7704906,35.8242153,,
,586,117742501,,,0,,,,-93.8635537,35.3157423,,
,587,117762605,,,0,,,,-93.7319385,36.087669,,
,588,117857041,,,0,,,,-93.8408604,33.5896942,,
,589,117870337,motorway_junction,,0,,,,-91.1923103,34.9091104,,
,590,117902458,,,0,,,,-91.1465065,34.6970308,,
,591,117902462,,,0,,,,-91.1454004,34.6971332,,
,592,117902497,,,0,,,,-91.1961204,34.9112161,,
,593,117903259,,,0,,,,-91.1451657,34.6983348,,
,594,117903272,,,0,,,,-91.1463985,34.6981439,,
,595,117903288,,,0,,,,-91.145545,34.6979237,,
,596,117908597,,,0,,,,-91.2043026,34.8675937,,
,597,117908683,,,0,,,,-91.1945901,34.8871912,,
,598,117909361,,,0,,,,-91.1679467,34.8890668,,
,599,117909527,,,0,,,,-91.242807,34.841359,,
,600,117911667,,,0,,,,-91.2961578,34.692541,,
,601,117912505,,,0,,,,-91.1884068,34.8871537,,
,602,117917787,,,0,,,,-91.301741,34.6975596,,
,603,117923477,,,0,,,,-91.3004244,34.7122987,,
,604,117923611,,,0,,,,-91.2430838,34.8367718,,
,605,117929212,,,0,,,,-91.18543,34.9415787,,
,606,117934996,motorway_junction,,0,,,,-93.425301,33.808908,,
,607,117935419,,,0,,,,-93.419127,33.8134684,,
,608,117936217,,,0,,,,-93.3988834,33.7881469,,
,609,117936428,,,0,,,,-93.4275299,33.8078483,,
,610,117936477,motorway_junction,,0,,,,-93.421029,33.812582,,
,611,117936685,,,0,,,,-93.1682729,33.5574222,,
,612,117936744,,,0,,,,-93.166051,33.555674,,
,613,117939398,,,0,,,,-93.29179,33.502355,,
,614,117939472,,,0,,,,-93.298615,33.517114,,
,615,117940335,,,0,,,,-93.375919,33.816788,,
,616,117940601,,,0,,,,-93.3060526,33.8779235,,
,617,117945791,,,0,,,,-93.639469,34.562498,,
,618,117946260,,,0,,,,-93.380924,33.80249,,
,619,117946344,,,0,,,,-93.375959,33.81511,,
,620,117954629,,,0,,,,-93.284742,33.474598,,
,621,117954842,,,0,,,,-93.284882,33.471803,,
,622,117958959,,,0,,,,-93.286544,33.544738,,
,623,117959186,,,0,,,,-93.275347,33.586444,,
,624,117959402,,,0,,,,-93.2846529,33.5935643,,
,625,117960773,,,0,,,,-93.385532,33.782722,,
,626,117964283,,,0,,,,-93.38499,33.807203,,
,627,117966691,,,0,,,,-93.385494,33.784289,,
,628,117979651,,,0,,,,-93.3937774,33.8074745,,
,629,117990258,,,0,,,,-93.460826,33.751081,,
,630,118005502,,,0,,,,-93.2838517,33.5937063,,
,631,118006249,,,0,,,,-93.11233,33.557717,,
,632,118011205,,,0,,,,-93.468363,33.733056,,
,633,118014404,,,0,,,,-93.629214,34.553114,,
,634,118014513,,,0,,,,-93.640152,34.562431,,
,635,118015119,,,0,,,,-93.702679,34.61221,,
,636,118015267,,,0,,,,-93.703358,34.614162,,
,637,118032977,,,0,,,,-93.074816,33.4094863,,
,638,118032978,,,0,,,,-93.0759237,33.4094662,,
,639,118059262,,,0,,,,-92.8371961,33.57082,,
,640,118059278,,,0,,,,-92.8407271,33.5704399,,
,641,118059527,,,0,,,,-92.8383067,33.5700908,,
,642,118060895,,,0,,,,-93.629655,34.553162,,
,643,118082721,,,0,,,,-92.8384555,33.5690011,,
,644,118089285,,,0,,,,-93.0768551,33.5488703,,
,645,118102425,,,0,,,,-92.8661327,33.5859549,,
,646,118102427,,,0,,,,-92.8677848,33.5861218,,
,647,118102742,,,0,,,,-92.8773774,33.5865398,,
,648,118102967,,,0,,,,-93.0785764,33.4098356,,
,649,118107748,,,0,,,,-92.8777929,33.5867481,,
,650,118109714,,,0,,,,-92.7958,35.0162683,,
,651,118111900,,,0,,,,-92.7935649,35.0422884,,
,652,118112272,,,0,,,,-92.7950672,34.9952469,,
,653,118112324,,,0,,,,-92.8004975,35.0105875,,
,654,118112413,,,0,,,,-92.7931499,35.0290489,,
,655,118117701,,,0,,,,-92.8969471,35.0380324,,
,656,118119805,,,0,,,,-93.0653679,33.4196709,,
,657,118120067,,,0,,,,-92.9032227,33.540459,,
,658,118122782,,,0,,,,-92.885938,33.544563,,
,659,118123331,,,0,,,,-92.792834,35.0508912,,
,660,118123337,,,0,,,,-92.7921011,35.0524176,,
,661,118123339,,,0,,,,-92.7909237,35.0540731,,
,662,118123458,,,0,,,,-92.7739884,34.8816874,,
,663,118125256,,,0,,,,-92.7930972,35.0484225,,
,664,118125660,,,0,,,,-93.0729921,33.4095266,,
,665,118126122,,,0,,,,-93.036363,35.0215303,,
,666,118126447,,,0,,,,-93.0538166,35.0228785,,
,667,118126934,,,0,,,,-92.8041992,35.0488939,,
,668,118165999,,,0,,,,-93.6425947,34.2505361,,
,669,118166003,,,0,,,,-93.6419256,34.2510295,,
,670,118170405,,,0,,,,-90.7682164,34.5550625,,
,671,118170453,,,0,,,,-90.768046,34.642551,,
,672,118178725,,,0,,,,-90.9594717,35.514772,,
,673,118191393,,,0,,,,-90.9725896,35.492084,,
,674,118212695,traffic_signals,,1,,,,-93.1386973,35.3072081,,
,675,118212697,,,0,,,,-93.1373796,35.307187,,
,676,118212784,,,0,,,,-93.1381003,35.30483,,
,677,118212790,,,0,,,,-93.1343635,35.3045327,,
,678,118213095,,,0,,,,-93.1914204,35.3201036,,
,679,118213111,motorway_junction,,0,,,,-93.1953686,35.3223577,,
,680,118217842,,,0,,,,-94.200733,34.643002,,
,681,118217859,,,0,,,,-94.201574,34.643119,,
,682,118219745,motorway_junction,,0,,,,-93.0378721,35.2504772,,
,683,118219753,,,0,,,,-93.0354362,35.2489281,,
,684,118219759,,,0,,,,-93.0315451,35.2487302,,
,685,118223986,,,0,,,,-93.0346574,35.2507878,,
,686,118231152,,,0,,,,-92.964385,35.243273,,
,687,118233683,,,0,,,,-94.205026,34.588498,,
,688,118233721,,,0,,,,-94.203683,34.585986,,
,689,118237816,,,0,,,,-93.554143,34.3214137,,
,690,118238964,,,0,,,,-93.1214042,35.2516213,,
,691,118243916,stop,,0,,,,-93.1343744,35.2781705,,
,692,118246780,,,0,,,,-93.0673169,35.2637822,,
,693,118249231,,,0,,,,-92.925137,35.242114,,
,694,118249465,,,0,,,,-93.550928,34.321652,,
,695,118249674,traffic_signals,,1,,,,-93.1027784,35.2780941,,
,696,118249731,traffic_signals,,1,,,,-93.1205083,35.2784212,,
,697,118249777,traffic_signals,,1,,,,-93.133726,35.2781277,,
,698,118251152,,,0,,,,-93.1714342,35.3060592,,
,699,118251459,,,0,,,,-92.997439,35.2420742,,
,700,118251506,traffic_signals,,1,,,,-93.0356875,35.2483484,,
,701,118257488,,,0,,,,-94.201832,34.642563,,
,702,118257507,,,0,,,,-94.201715,34.643238,,
,703,118258128,,,0,,,,-93.1116955,35.3854161,,
,704,118258178,,,0,,,,-93.1139869,35.3939167,,
,705,118259818,,,0,,,,-93.1476296,35.2268081,,
,706,118259830,traffic_signals,,1,,,,-93.1432032,35.2293024,,
,707,118262419,,,0,,,,-94.207433,34.586369,,
,708,118262515,,,0,,,,-94.2089802,34.586183,,
,709,118263771,traffic_signals,,1,,,,-93.1353191,35.278458,,
,710,118263918,traffic_signals,,1,,,,-93.1701948,35.3045213,,
,711,118263922,,,0,,,,-93.1705234,35.3049418,,
,712,118275751,,,0,,,,-92.9374411,35.2420205,,
,713,118277750,,,0,,,,-93.5373047,34.3276166,,
,714,118312614,,,0,,,,-91.5675863,34.7799328,,
,715,118313037,motorway_junction,,0,,,,-91.5628394,34.8191452,,
,716,118313064,,,0,,,,-91.570042,34.8191964,,
,717,118313198,motorway_junction,,0,,,,-91.5706165,34.8189533,,
,718,118313211,,,0,,,,-91.5634467,34.8188866,,
,719,118317592,,,0,,,,-91.467997,34.780616,,
,720,118318516,,,0,,,,-91.5668224,34.8171136,,
,721,118320240,,,0,,,,-91.5666682,34.8212758,,
,722,118323796,,,0,,,,-91.5501758,34.7775991,,
,723,118323802,,,0,,,,-91.5473901,34.7799546,,
,724,118330935,,,0,,,,-91.4167546,34.6084942,,
,725,118331830,,,0,,,,-91.5456975,34.9779486,,
,726,118332553,,,0,,,,-91.5971949,34.7804186,,
,727,118332591,,,0,,,,-91.4012619,34.821676,,
,728,118332675,,,0,,,,-91.421359,34.811391,,
,729,118332713,,,0,,,,-91.5502442,34.7799947,,
,730,118333695,,,0,,,,-91.418747,34.812882,,
,731,118334032,,,0,,,,-91.459361,34.780297,,
,732,118334035,,,0,,,,-91.459611,34.780342,,
,733,118334154,,,0,,,,-91.5325169,34.9776269,,
,734,118335480,,,0,,,,-91.5517454,34.7800177,,
,735,118335510,,,0,,,,-91.5811642,34.7803053,,
,736,118339070,,,0,,,,-91.5176701,34.9772974,,
,737,118339245,,,0,,,,-91.36659,35.007182,,
,738,118340096,,,0,,,,-91.4550359,34.7905191,,
,739,118340691,,,0,,,,-91.5633542,34.97741,,
,740,118341712,,,0,,,,-91.5527138,34.7283887,,
,741,118346059,,,0,,,,-91.5103546,34.9789271,,
,742,118357659,,,0,,,,-92.269222,34.748845,,
,743,118359147,traffic_signals,,1,,,,-94.2354007,34.5830749,,
,744,118360254,,,0,,,,-92.2748443,34.7502199,,
,745,118367882,,,0,,,,-92.172739,34.736466,,
,746,118367927,motorway_junction,,0,,,,-92.1724235,34.7360204,,
,747,118367988,motorway_junction,,0,,,,-92.1697706,34.7359235,,
,748,118368214,,,0,,,,-92.2625503,34.753543,,
,749,118368219,,,0,,,,-92.262929,34.755757,,
,750,118375921,,,0,,,,-92.194146,34.744455,,
,751,118376143,traffic_signals,,1,,,,-94.2504588,34.5707253,,
,752,118378514,,,0,,,,-93.641928,34.250377,,
,753,118383462,motorway_junction,,0,,,,-92.270749,34.737428,,
,754,118383490,,,0,,,,-92.273344,34.738621,,
,755,118386171,,,0,,,,-92.276882,34.739738,,
,756,118386175,,,0,,,,-92.277137,34.739828,,
,757,118390289,motorway_junction,,0,,,,-92.2624044,34.7534576,,
,758,118390303,,,0,,,,-92.261771,34.755695,,
,759,118395767,,,0,,,,-94.316846,34.298954,,
,760,118395928,,,0,,,,-94.3390978,34.3035713,,
,761,118396599,,,0,,,,-94.4553148,34.706702,,
,762,118398226,,,0,,,,-94.201241,34.642839,,
,763,118399747,,,0,,,,-92.393704,34.789891,,
,764,118399818,,,0,,,,-92.389381,34.79182,,
,765,118399852,motorway_junction,,0,,,,-92.388359,34.794627,,
,766,118404392,,,0,,,,-92.393015,34.789293,,
,767,118404454,,,0,,,,-92.391766,34.785657,,
,768,118409162,,,0,,,,-92.26566,34.746225,,
,769,118409183,,,0,,,,-92.2634947,34.746096,,
,770,118422624,,,0,,,,-92.16425,34.770454,,
,771,118422635,motorway_junction,,0,,,,-92.164452,34.770092,,
,772,118422709,motorway_junction,,0,,,,-92.161968,34.771586,,
,773,118422720,,,0,,,,-92.3893595,34.7872078,,
,774,118422821,,,0,,,,-92.391031,34.787348,,
,775,118426687,,,0,,,,-93.7556865,34.2363783,,
,776,118427917,,,0,,,,-93.5362176,34.3278099,,
,777,118433187,,,0,,,,-92.268105,34.746763,,
,778,118433201,,,0,,,,-92.267377,34.746326,,
,779,118433210,,,0,,,,-92.2657005,34.7461384,,
,780,118433269,,,0,,,,-92.261561,34.745577,,
,781,118439208,,,0,,,,-92.160182,34.771407,,
,782,118439213,motorway_junction,,0,,,,-92.16007,34.77116,,
,783,118439284,motorway_junction,,0,,,,-92.161999,34.76572,,
,784,118443934,,,0,,,,-92.2731522,34.7564205,,
,785,118443946,,,0,,,,-92.2737376,34.7560403,,
,786,118447017,,,0,,,,-92.164581,34.770361,,
,787,118447033,,,0,,,,-92.164622,34.770353,,
,788,118447044,,,0,,,,-92.164558,34.770083,,
,789,118447118,,,0,,,,-92.162211,34.766017,,
,790,118448206,,,0,,,,-92.164925,34.770289,,
,791,118462734,,,0,,,,-92.160234,34.771397,,
,792,118462741,,,0,,,,-92.160193,34.771166,,
,793,118462832,,,0,,,,-92.161795,34.77053,,
,794,118467458,motorway_junction,,0,,,,-92.391196,34.783415,,
,795,118467503,,,0,,,,-92.389688,34.78654,,
,796,118473327,,,0,,,,-92.280103,34.74033,,
,797,118484484,,,0,,,,-92.1723482,34.7363043,,
,798,118490443,,,0,,,,-92.263565,34.746225,,
,799,118490462,,,0,,,,-92.26313,34.746563,,
,800,118492046,,,0,,,,-92.2745636,34.7390464,,
,801,118492062,,,0,,,,-92.278397,34.739789,,
,802,118499981,motorway_junction,,0,,,,-92.2621985,34.7624155,,
,803,118500001,,,0,,,,-92.26283,34.760176,,
,804,118502218,,,0,,,,-92.261778,34.745527,,
,805,118502247,,,0,,,,-92.262675,34.745698,,
,806,118502291,,,0,,,,-92.2627479,34.7461657,,
,807,118511312,,,0,,,,-92.1681426,34.7347818,,
,808,118511381,,,0,,,,-92.1701261,34.7350299,,
,809,118512879,,,0,,,,-92.2624153,34.7468886,,
,810,118512907,,,0,,,,-92.2627363,34.7476951,,
,811,118513812,,,0,,,,-92.268415,34.747835,,
,812,118513820,,,0,,,,-92.267973,34.748067,,
,813,118515815,,,0,,,,-92.391076,34.781637,,
,814,118515872,,,0,,,,-92.391198,34.788198,,
,815,118515880,,,0,,,,-92.390828,34.789067,,
,816,118516895,,,0,,,,-92.261597,34.760101,,
,817,118516909,,,0,,,,-92.2620279,34.7617025,,
,818,118518924,,,0,,,,-92.2629969,34.7447842,,
,819,118518941,,,0,,,,-92.2635716,34.7451716,,
,820,118526330,,,0,,,,-92.266198,34.746302,,
,821,118526349,,,0,,,,-92.268097,34.746795,,
,822,118529728,,,0,,,,-92.391758,34.788709,,
,823,118529888,,,0,,,,-92.3900622,34.7875118,,
,824,118531723,,,0,,,,-90.7833821,35.0368218,,
,825,118531744,,,0,,,,-90.7896434,35.0337482,,
,826,118531752,motorway_junction,,0,,,,-90.7956487,35.0356296,,
,827,118531771,,,0,,,,-90.7898648,35.0380827,,
,828,118532573,,,0,,,,-92.656614,34.879622,,
,829,118532597,,,0,,,,-92.657021,34.878816,,
,830,118532619,motorway_junction,,0,,,,-90.7891329,35.0363188,,
,831,118532644,,,0,,,,-90.7896602,35.0359691,,
,832,118532657,,,0,,,,-90.7903975,35.0362186,,
,833,118533074,,,0,,,,-90.7887128,35.0365964,,
,834,118533094,,,0,,,,-90.7896672,35.0368584,,
,835,118533112,motorway_junction,,0,,,,-90.7904895,35.0364355,,
,836,118533297,,,0,,,,-90.8103787,35.0595233,,
,837,118533951,,,0,,,,-92.16804,34.73476,,
,838,118534015,motorway_junction,,0,,,,-92.17314,34.730698,,
,839,118535651,motorway_junction,,0,,,,-90.782986,35.0371149,,
,840,118535655,,,0,,,,-90.789679,35.0385379,,
,841,118536720,,,0,,,,-90.7817861,34.9632534,,
,842,118542756,,,0,,,,-92.1991353,34.7671449,,
,843,118543452,,,0,,,,-92.2612995,34.7460643,,
,844,118544818,,,0,,,,-92.311819,34.763584,,
,845,118544959,,,0,,,,-92.311047,34.762248,,
,846,118547096,,,0,,,,-92.38886,34.787086,,
,847,118558310,,,0,,,,-92.391506,34.7883666,,
,848,118559234,,,0,,,,-90.7816894,34.9744078,,
,849,118559241,,,0,,,,-90.781588,34.9825255,,
,850,118559875,,,0,,,,-92.160685,34.771305,,
,851,118559916,,,0,,,,-92.159822,34.771499,,
,852,118560729,,,0,,,,-90.8114401,35.1317164,,
,853,118560838,,,0,,,,-90.7894438,35.026435,,
,854,118566315,,,0,,,,-90.7852592,35.0092311,,
,855,118571287,,,0,,,,-92.3960898,34.7912525,,
,856,118571626,,,0,,,,-92.4442574,34.8022199,,
,857,118571920,,,0,,,,-92.508714,34.816552,,
,858,118571960,,,0,,,,-92.385241,34.786603,,
,859,118572078,,,0,,,,-92.313149,34.76512,,
,860,118572131,,,0,,,,-92.309935,34.760937,,
,861,118572246,,,0,,,,-90.7898028,35.0391912,,
,862,118572248,,,0,,,,-92.290683,34.7538767,,
,863,118572277,,,0,,,,-92.284172,34.752855,,
,864,118572287,,,0,,,,-90.7940905,35.0456185,,
,865,118572291,,,0,,,,-92.319148,34.769951,,
,866,118572299,,,0,,,,-92.318657,34.770056,,
,867,118572328,,,0,,,,-90.816102,35.070691,,
,868,118572361,,,0,,,,-90.8164335,35.0815994,,
,869,118572400,,,0,,,,-90.8115662,35.1217438,,
,870,118572708,traffic_signals,,1,,,,-92.358191,34.771862,,
,871,118572953,,,0,,,,-92.3893541,34.7873355,,
,872,118573223,,,0,,,,-90.8256832,34.9917963,,
,873,118584442,,,0,,,,-92.2206081,34.7543128,,
,874,118585134,,,0,,,,-90.7131006,35.0355235,,
,875,118585158,,,0,,,,-90.4004344,35.1482106,,
,876,118585419,,,0,,,,-90.754687,35.0099565,,
,877,118585530,,,0,,,,-90.426054,35.137283,,
,878,118587931,,,0,,,,-92.267927,34.747762,,
,879,118605086,,,0,,,,-94.2225113,34.5865601,,
,880,118609135,,,0,,,,-92.7260684,34.4830181,,
,881,118609137,,,0,,,,-92.7256907,34.483294,,
,882,118609140,,,0,,,,-92.7253903,34.4835416,,
,883,118609146,,,0,,,,-92.7250899,34.4840581,,
,884,118613710,,,0,,,,-92.2747442,34.7507355,,
,885,118613737,traffic_signals,,1,,,,-92.273563,34.756527,,
,886,118614391,,,0,,,,-92.120321,34.721132,,
,887,118614409,,,0,,,,-92.121517,34.722822,,
,888,118615876,,,0,,,,-92.267774,34.746751,,
,889,118615904,,,0,,,,-92.268247,34.74604,,
,890,118627277,,,0,,,,-92.723193,34.4814969,,
,891,118633846,,,0,,,,-92.270702,34.74918,,
,892,118641631,,,0,,,,-92.273511,34.756864,,
,893,118641640,,,0,,,,-92.273917,34.756645,,
,894,118651551,,,0,,,,-92.199485,34.766947,,
,895,118655083,,,0,,,,-92.6339098,34.5438251,,
,896,118656035,,,0,,,,-94.102764,34.929855,,
,897,118664111,,,0,,,,-92.2749308,34.7497419,,
,898,118664124,traffic_signals,,1,,,,-92.2756842,34.7458062,,
,899,118682798,,,0,,,,-94.0775449,34.7346428,,
,900,118685266,,,0,,,,-92.2677789,34.7560637,,
,901,118685277,,,0,,,,-92.26293,34.75598,,
,902,118685286,traffic_signals,,1,,,,-92.261763,34.755965,,
,903,118685487,,,0,,,,-92.1998909,34.766712,,
,904,118698103,,,0,,,,-92.6304938,34.5465116,,
,905,118698105,,,0,,,,-92.6307341,34.5457339,,
,906,118698313,,,0,,,,-92.7213992,34.4824379,,
,907,118698318,,,0,,,,-92.7241887,34.4800182,,
,908,118713222,,,0,,,,-94.107451,34.896821,,
,909,118743034,,,0,,,,-92.125365,34.726745,,
,910,118762712,,,0,,,,-94.0672315,34.8562847,,
,911,118762718,,,0,,,,-94.066913,34.856868,,
,912,118762728,,,0,,,,-94.0856461,34.8872693,,
,913,118762870,,,0,,,,-94.0911933,34.901588,,
,914,118766241,,,0,,,,-94.104467,34.947564,,
,915,118766252,,,0,,,,-94.105226,34.951031,,
,916,118766371,,,0,,,,-94.09847,34.924602,,
,917,118792597,,,0,,,,-94.369409,35.425344,,
,918,118792838,,,0,,,,-94.365176,35.357507,,
,919,118792924,,,0,,,,-94.36656,35.360259,,
,920,118793478,,,0,,,,-94.363613,35.359024,,
,921,118793517,,,0,,,,-94.364703,35.363441,,
,922,118795390,,,0,,,,-94.423734,35.293791,,
,923,118795408,,,0,,,,-94.427435,35.292313,,
,924,118795428,motorway_junction,,0,,,,-94.422995,35.294209,,
,925,118795456,motorway_junction,,0,,,,-94.419692,35.295416,,
,926,118795463,,,0,,,,-94.4234275,35.2931783,,
,927,118795471,,,0,,,,-94.423065,35.293087,,
,928,118795497,,,0,,,,-94.420001,35.29504,,
,929,118797279,,,0,,,,-94.363659,35.358917,,
,930,118800062,,,0,,,,-94.4234438,35.2927564,,
,931,118800071,motorway_junction,,0,,,,-94.427712,35.292107,,
,932,118800086,motorway_junction,,0,,,,-94.423853,35.292671,,
,933,118801484,,,0,,,,-94.3632069,35.3587779,,
,934,118801485,,,0,,,,-94.3634386,35.3583825,,
,935,118801550,motorway_junction,,0,,,,-94.365029,35.355559,,
,936,118801566,,,0,,,,-94.365908,35.359922,,
,937,118801862,,,0,,,,-94.402104,35.309575,,
,938,118801894,,,0,,,,-94.3996326,35.3129809,,
,939,118801904,motorway_junction,,0,,,,-94.396402,35.317535,,
,940,118801939,,,0,,,,-94.399055,35.313908,,
,941,118801945,traffic_signals,,1,,,,-94.399475,35.313511,,
,942,118801954,,,0,,,,-94.399833,35.314041,,
,943,118802578,,,0,,,,-94.121978,35.029596,,
,944,118802660,motorway_junction,,0,,,,-94.365019,35.363002,,
,945,118802679,,,0,,,,-94.3678545,35.4252159,,
,946,118803039,traffic_signals,,1,,,,-94.409703,35.327806,,
,947,118810430,,,0,,,,-94.215866,35.202529,,
,948,118811412,,,0,,,,-94.411956,35.394644,,
,949,118814673,,,0,,,,-92.172902,34.73143,,
,950,118817190,,,0,,,,-94.4289253,35.3897414,,
,951,118817647,,,0,,,,-94.42287,35.330781,,
,952,118817660,traffic_signals,,1,,,,-94.421569,35.329648,,
,953,118817681,,,0,,,,-94.418098,35.328044,,
,954,118818095,,,0,,,,-94.375447,35.422945,,
,955,118818360,,,0,,,,-94.2558211,35.2124394,,
,956,118818375,,,0,,,,-94.2580187,35.2125207,,
,957,118818414,,,0,,,,-94.2656214,35.2148131,,
,958,118823068,,,0,,,,-94.261008,35.317773,,
,959,118823154,,,0,,,,-94.2897705,35.3201349,,
,960,118823317,,,0,,,,-94.3215537,35.3410032,,
,961,118834286,traffic_signals,,1,,,,-94.421636,35.384819,,
,962,118842195,,,0,,,,-94.1023269,34.9319445,,
,963,118843700,,,0,,,,-94.197459,34.695295,,
,964,118854584,,,0,,,,-94.4108558,35.3955926,,
,965,118854603,,,0,,,,-94.4087757,35.3970963,,
,966,118854694,,,0,,,,-94.3744546,35.4234257,,
,967,118854697,,,0,,,,-94.37233,35.4244,,
,968,118854774,,,0,,,,-94.3615535,35.4266813,,
,969,118854871,,,0,,,,-94.3616145,35.4267445,,
,970,118854900,,,0,,,,-94.410258,35.395861,,
,971,118858169,,,0,,,,-94.410912,35.3958326,,
,972,118867049,,,0,,,,-94.1020265,34.9285584,,
,973,118867064,,,0,,,,-94.1023315,34.9296602,,
,974,118870215,,,0,,,,-94.252445,35.31913,,
,975,118870963,,,0,,,,-94.411161,35.3278436,,
,976,118871000,,,0,,,,-94.4077726,35.3256242,,
,977,118872159,,,0,,,,-94.2632166,35.0854037,,
,978,118872899,,,0,,,,-94.424505,35.319323,,
,979,118872954,,,0,,,,-94.424508,35.318979,,
,980,118873932,,,0,,,,-94.339416,34.0455325,,
,981,118874048,,,0,,,,-94.374612,34.045206,,
,982,118879752,,,0,,,,-94.19288,34.042003,,
,983,118879760,,,0,,,,-94.1937041,34.0423668,,
,984,118883110,,,0,,,,-94.1934117,34.0414,,
,985,118884375,,,0,,,,-94.163695,33.859146,,
,986,118884376,,,0,,,,-94.164075,33.859007,,
,987,118885450,,,0,,,,-94.3845959,34.0410098,,
,988,118885455,,,0,,,,-94.3848682,34.0413155,,
,989,118885457,,,0,,,,-94.3849151,34.0415282,,
,990,118885466,,,0,,,,-94.3846769,34.0415742,,
,991,118887451,,,0,,,,-94.337925,34.036759,,
,992,118888855,,,0,,,,-94.4290013,35.2653522,,
,993,118889070,,,0,,,,-94.19357,34.0418712,,
,994,118889304,,,0,,,,-94.30683,34.045739,,
,995,118889330,,,0,,,,-94.0851201,34.0960358,,
,996,118889735,,,0,,,,-94.32769,34.060069,,
,997,118890714,,,0,,,,-94.171738,33.960657,,
,998,118890749,,,0,,,,-94.168642,33.964441,,
,999,118890761,,,0,,,,-94.16847,33.967319,,
,1000,118890775,,,0,,,,-94.169888,33.982348,,
,1001,118890893,,,0,,,,-94.188178,34.02338,,
,1002,118896864,,,0,,,,-94.341478,34.036748,,
,1003,118896872,,,0,,,,-94.341496,34.037766,,
,1004,118902819,,,0,,,,-94.4210008,35.3839009,,
,1005,118902822,,,0,,,,-94.4210094,35.3831304,,
,1006,118903014,,,0,,,,-94.364906,34.038134,,
,1007,118904391,,,0,,,,-94.413233,35.327902,,
,1008,118904397,,,0,,,,-92.185874,34.741389,,
,1009,118905866,,,0,,,,-94.387036,34.041452,,
,1010,118907177,motorway_junction,,0,,,,-92.262837,34.7458219,,
,1011,118907728,,,0,,,,-94.152988,33.962568,,
,1012,118910071,,,0,,,,-94.110016,33.84853,,
,1013,118910083,,,0,,,,-94.108823,33.849264,,
,1014,118910288,,,0,,,,-94.021291,33.860036,,
,1015,118912657,traffic_signals,,1,,,,-94.4207311,35.3842145,,
,1016,118912667,,,0,,,,-94.418577,35.382323,,
,1017,118916105,,,0,,,,-94.347393,34.037737,,
,1018,118916106,,,0,,,,-94.347392,34.038273,,
,1019,118922797,,,0,,,,-94.362881,35.358621,,
,1020,118922814,,,0,,,,-94.359728,35.356599,,
,1021,118926324,,,0,,,,-94.373661,34.039076,,
,1022,118926366,,,0,,,,-94.369449,34.038325,,
,1023,118928590,,,0,,,,-94.329985,34.037317,,
,1024,118931649,,,0,,,,-94.2004431,35.3130381,,
,1025,118946893,,,0,,,,-94.2326343,35.2057332,,
,1026,118946973,,,0,,,,-94.2480973,35.2111309,,
,1027,118947008,,,0,,,,-94.2518333,35.2122376,,
,1028,119011294,,,0,,,,-92.168756,34.734965,,
,1029,119036851,,,0,,,,-94.1360125,36.0525417,,
,1030,119043709,,,0,,,,-94.1800546,35.9307143,,
,1031,119048405,,,0,,,,-94.1925432,36.1755222,,
,1032,119055494,,,0,,,,-94.1870219,36.1719566,,
,1033,119055503,traffic_signals,,1,,,,-94.1874834,36.1753762,,
,1034,119058305,traffic_signals,,1,,,,-94.1446184,36.1262405,,2
,1035,119066028,,,0,,,,-94.260419,36.0356752,,
,1036,119070761,,,0,,,,-94.1447522,36.1216581,,
,1037,119070774,,,0,,,,-94.1438032,36.1234964,,
,1038,119071617,traffic_signals,,1,,,,-94.1847932,36.175326,,
,1039,119077341,,,0,,,,-94.3469811,35.965429,,
,1040,119081416,,,0,,,,-94.2243052,36.0469616,,
,1041,119090252,,,0,,,,-94.4803265,35.9609394,,
,1042,119098754,motorway_junction,,0,,,,-94.1736258,36.0289689,,
,1043,119098760,,,0,,,,-94.1724968,36.0294342,,
,1044,119098890,traffic_signals,,1,,,,-94.145006,36.1293418,,
,1045,119101570,,,0,,,,-94.3990347,35.9477081,,
,1046,119104140,traffic_signals,,1,,,,-94.1385149,36.1850239,,
,1047,119104162,traffic_signals,,1,,,,-94.1382469,36.1955464,,
,1048,119104173,,,0,,,,-94.1378651,36.210333,,
,1049,119105180,traffic_signals,,1,,,,-94.1186126,36.1198384,,
,1050,119105183,traffic_signals,,1,,,,-94.1183945,36.1198535,,
,1051,119105495,stop,,0,,,,-94.3135517,35.9756177,,
,1052,119106502,traffic_signals,,1,,,,-94.2541084,36.039136,,
,1053,119106517,traffic_signals,,1,,,,-94.2497301,36.041424,,
,1054,119106537,traffic_signals,,1,,,,-94.2407701,36.041974,,
,1055,119109226,,,0,,,,-94.126521,36.0622553,,
,1056,119109235,traffic_signals,,1,,,,-94.1269382,36.0534168,,
,1057,119109422,traffic_signals,,1,,,,-94.1438853,36.1524001,,
,1058,119110936,traffic_signals,,1,,,,-94.1437307,36.1600342,,
,1059,119111497,,,0,,,,-94.1275795,35.7976031,,
,1060,119111707,,,0,,,,-94.1726735,36.0272971,,
,1061,119112762,,,0,,,,-94.1186863,36.1173467,,
,1062,119114623,traffic_signals,,1,,,,-94.144184,36.1400856,,
,1063,119117985,,,0,,,,-94.1984671,36.0529591,,
,1064,119118000,traffic_signals,,1,,,,-94.1933878,36.0541921,,
,1065,119118007,traffic_signals,,1,,,,-94.1804486,36.0567131,,
,1066,119118009,traffic_signals,,1,,,,-94.1753116,36.0567446,,
,1067,119118020,traffic_signals,,1,,,,-94.1700178,36.0566273,,
,1068,119118038,traffic_signals,,1,,,,-94.1645502,36.0564496,,
,1069,119119151,,,0,,,,-94.2999136,35.9851079,,
,1070,119120261,traffic_signals,,1,,,,-94.2272276,36.0463155,,
,1071,119125377,,,0,,,,-94.1667305,35.9691213,,
,1072,119125420,,,0,,,,-94.1748693,35.9851071,,
,1073,119125426,,,0,,,,-94.1750825,35.9861945,,
,1074,119129306,traffic_signals,,1,,,,-94.1205932,36.1053928,,
,1075,119129520,,,0,,,,-94.2351894,36.1764322,,
,1076,119129973,traffic_signals,,1,,,,-94.1455281,36.1335042,,
,1077,119133425,traffic_signals,,1,,,,-94.1196945,36.1669436,,
,1078,119133446,traffic_signals,,1,,,,-94.118595,36.1575006,,
,1079,119133458,traffic_signals,,1,,,,-94.1186455,36.1524374,,
,1080,119133471,,,0,,,,-94.118989,36.1487755,,
,1081,119144517,,,0,,,,-94.0301931,36.1691507,,
,1082,119146206,,,0,,,,-91.5613821,35.3184335,,
,1083,119148965,traffic_signals,,1,,,,-94.1928436,36.1610897,,
,1084,119149707,,,0,,,,-94.1580489,36.0608304,,
,1085,119151838,,,0,,,,-94.1600215,36.0482383,,
,1086,119151842,traffic_signals,,1,,,,-94.1643626,36.0483179,,
,1087,119152697,traffic_signals,,1,,,,-94.1394024,36.0481699,,
,1088,119157352,traffic_signals,,1,,,,-94.1579317,36.0625924,,
,1089,119157379,,,0,,,,-94.3134318,35.9818805,,
,1090,119157435,motorway_junction,,0,,,,-91.5619325,35.3184762,,
,1091,119157436,,,0,,,,-91.5616216,35.3185103,,
,1092,119162077,traffic_signals,,1,,,,-94.317317,35.9756715,,
,1093,119162084,,,0,,,,-94.3211026,35.975538,,
,1094,119162110,,,0,,,,-94.3406054,35.9682771,,
,1095,119162124,,,0,,,,-94.438783,35.9589991,,
,1096,119162265,,,0,,,,-94.5322546,35.9877959,,
,1097,119163231,,,0,,,,-94.4234976,35.9475903,,
,1098,119163653,traffic_signals,,1,,,,-94.1346967,36.1672107,,
,1099,119165044,,,0,,,,-94.1802475,35.925056,,
,1100,119165060,,,0,,,,-94.18005,35.9310504,,
,1101,119167376,,,0,,,,-91.5616465,35.3181825,,
,1102,119167392,,,0,,,,-91.5569169,35.3193899,,
,1103,119167651,,,0,,,,-94.137091,36.167236,,
,1104,119167654,,,0,,,,-94.138059,36.1672474,,
,1105,119167656,traffic_signals,,1,,,,-94.1412827,36.1672963,,
,1106,119170417,,,0,,,,-94.2146864,36.1758665,,
,1107,119171274,traffic_signals,,1,,,,-94.2191206,36.1759506,,
,1108,119177907,traffic_signals,,1,,,,-94.1450065,36.1146446,,
,1109,119187181,traffic_signals,,1,,,,-94.1579605,36.061852,,
,1110,119196849,traffic_signals,,1,,,,-94.1739807,35.9941009,,
,1111,119201794,,,0,,,,-94.1803021,35.923805,,
,1112,119203200,,,0,,,,-94.1456871,36.1188866,,
,1113,119203213,,,0,,,,-94.1452812,36.1158346,,
,1114,119203269,motorway_junction,,0,,,,-94.1449429,36.1152103,,
,1115,119203517,traffic_signals,,1,,,,-94.1213633,36.0873218,,
,1116,119206413,traffic_signals,,1,,,,-94.1213109,36.0945062,,
,1117,119207805,,,0,,,,-91.1473068,35.2526439,,
,1118,119207810,,,0,,,,-91.1479613,35.2527797,,
,1119,119213430,,,0,,,,-94.1742517,36.0146284,,
,1120,119213959,traffic_signals,,1,,,,-94.1258349,36.1670612,,
,1121,119219353,,,0,,,,-94.2922669,36.1778965,,
,1122,119219930,,,0,,,,-91.5621801,35.312634,,
,1123,119219936,,,0,,,,-91.565186,35.3140373,,
,1124,119220395,,,0,,,,-91.2434625,35.0044456,,
,1125,119220424,,,0,,,,-91.2570437,35.0047613,,
,1126,119220960,,,0,,,,-91.0516801,35.1928458,,
,1127,119222037,traffic_signals,,1,,,,-94.1835725,36.1753093,,
,1128,119223307,,,0,,,,-91.0935527,35.2515663,,
,1129,119225160,,,0,,,,-91.3578619,35.2927873,,
,1130,119225578,,,0,,,,-91.2346932,35.2702939,,
,1131,119225601,,,0,,,,-91.2624066,35.005086,,
,1132,119226654,,,0,,,,-91.3746491,35.2931817,,
,1133,119227713,traffic_signals,,1,,,,-94.1390146,36.1745082,,
,1134,119228854,,,0,,,,-94.1391421,36.1696779,,
,1135,119229384,,,0,,,,-91.41152,35.285052,,
,1136,119229593,,,0,,,,-91.3407526,35.2857608,,
,1137,119231199,,,0,,,,-91.2374761,35.0042936,,
,1138,119231288,,,0,,,,-91.226791,35.0040366,,
,1139,119231358,,,0,,,,-91.1490733,35.0097303,,
,1140,119232129,,,0,,,,-91.1530279,35.0023964,,
,1141,119235951,,,0,,,,-93.155094,35.2238866,,
,1142,119235955,,,0,,,,-93.1538245,35.2242437,,
,1143,119236375,,,0,,,,-94.1380523,36.1675132,,
,1144,119251680,,,0,,,,-93.1646746,35.2193916,,
,1145,119251684,,,0,,,,-93.1649498,35.2190491,,
,1146,119270777,,,0,,,,-93.1663006,35.2228077,,
,1147,119270789,,,0,,,,-93.1640237,35.2207638,,
,1148,119280659,,,0,,,,-93.5302529,35.1101179,,
,1149,119281460,,,0,,,,-93.5344631,35.1114808,,
,1150,119287127,,,0,,,,-93.3934323,35.0543134,,
,1151,119287185,,,0,,,,-93.3970944,35.0653861,,
,1152,119288474,,,0,,,,-93.1644094,35.2190636,,
,1153,119288481,traffic_signals,,1,,,,-93.1653176,35.2203047,,1
,1154,119289598,,,0,,,,-93.2234488,35.0324648,,
,1155,119293023,,,0,,,,-93.278818,35.278057,,
,1156,119294547,,,0,,,,-93.164275,35.2190625,,
,1157,119294664,,,0,,,,-93.1058702,35.0229301,,
,1158,119304945,,,0,,,,-93.3897285,35.0541997,,
,1159,119313606,,,0,,,,-93.2269454,35.0325882,,
,1160,119322077,,,0,,,,-93.5213929,35.1071758,,
,1161,122459059,,,0,,,,-91.3501462,34.2982668,,
,1162,122461371,,,0,,,,-91.5408814,34.4791804,,
,1163,122478049,,,0,,,,-91.370093,34.127025,,
,1164,122478051,,,0,,,,-91.370323,34.127406,,
,1165,122480450,,,0,,,,-91.5418823,34.4791681,,
,1166,122480456,,,0,,,,-91.5411075,34.4784745,,
,1167,122481133,,,0,,,,-91.4725849,34.5652623,,
,1168,122483295,,,0,,,,-91.5570089,34.538137,,
,1169,122483298,,,0,,,,-91.557717,34.5377481,,
,1170,122483305,,,0,,,,-91.5570331,34.537251,,
,1171,122486623,,,0,,,,-91.3505278,34.2725416,,
,1172,122486649,,,0,,,,-91.557706,34.5095186,,
,1173,122486677,,,0,,,,-91.5574019,34.5232096,,
,1174,122488111,traffic_signals,,1,,,,-91.5570116,34.5377282,,
,1175,122492196,,,0,,,,-91.3500912,34.2932341,,
,1176,122493398,,,0,,,,-91.3503599,34.2843802,,
,1177,122493420,,,0,,,,-91.3501081,34.2931226,,
,1178,122493739,,,0,,,,-91.3419029,34.2712824,,
,1179,122496916,,,0,,,,-91.5521992,34.5093698,,
,1180,122496935,,,0,,,,-91.5428506,34.5119339,,
,1181,122498280,,,0,,,,-91.539931,34.5119819,,
,1182,122499674,,,0,,,,-91.5402392,34.5019819,,
,1183,122506741,,,0,,,,-91.5399935,34.5136045,,
,1184,122507866,,,0,,,,-91.539846,34.5190119,,
,1185,122508158,,,0,,,,-91.5622084,34.5087079,,
,1186,124322775,,,0,,,,-93.4671113,33.0187149,,
,1187,124407381,,,0,,,,-93.4672556,33.0057669,,
,1188,146545481,,,0,,,,-94.555615,34.7149025,,
,1189,147015485,,,0,,,,-94.596812,34.043101,,
,1190,147015702,,,0,,,,-94.474056,34.059467,,
,1191,188867108,,,0,,,,-93.9367195,36.5282258,,
,1192,188900242,,,0,,,,-93.9319217,36.4986763,,
,1193,193290819,,,0,,,,-93.396168,36.512329,,
,1194,372822195,,,0,,,,-94.4234751,35.2923419,,
,1195,372822222,,,0,,,,-94.4234061,35.2936671,,
,1196,372822226,,,0,,,,-94.4233878,35.2941471,,
,1197,373010388,traffic_signals,,1,,,,-94.1300276,36.2826591,,
,1198,373020687,,,0,,,,-93.426188,33.810493,,
,1199,373020697,,,0,,,,-93.420294,33.8104794,,
,1200,419386675,motorway_junction,,0,,,,-94.1503789,36.1156219,,
,1201,419416434,,,0,,,,-94.1734044,36.0290663,,
,1202,445116905,motorway_junction,,0,,,,-90.2051156,35.2077188,,
,1203,445117507,,,0,,,,-90.2052578,35.2086347,,
,1204,445117526,,,0,,,,-90.206326,35.2100648,,
,1205,445117618,,,0,,,,-90.2057594,35.2090409,,
,1206,445118900,motorway_junction,,0,,,,-90.2085985,35.2170406,,
,1207,445118968,,,0,,,,-90.2075899,35.2153958,,
,1208,445119061,,,0,,,,-90.2083439,35.216945,,
,1209,445119423,,,0,,,,-90.2082552,35.215505,,
,1210,447565824,motorway_junction,,0,,,,-92.4417361,35.1130446,,
,1211,447566370,,,0,,,,-92.4327839,35.1084737,,
,1212,453045948,,,0,,,,-92.6284853,34.5464763,,
,1213,453052003,motorway_junction,,0,,,,-92.6382614,34.5424182,,
,1214,453052639,,,0,,,,-92.6359783,34.5427646,,
,1215,453052696,,,0,,,,-92.6322361,34.5434858,,
,1216,453052700,,,0,,,,-92.6318442,34.5426642,,
,1217,453052709,,,0,,,,-92.6314334,34.5438331,,
,1218,453053056,,,0,,,,-92.6313767,34.5440035,,
,1219,453053075,,,0,,,,-92.6306826,34.5446947,,
,1220,453053078,,,0,,,,-92.6310858,34.5448078,,
,1221,453053166,motorway_junction,,0,,,,-92.6277805,34.547338,,
,1222,453053833,,,0,,,,-92.6296659,34.5464582,,
,1223,453053951,,,0,,,,-92.6304154,34.5468437,,
,1224,453055011,,,0,,,,-92.631287,34.5453942,,
,1225,453055016,,,0,,,,-92.6322533,34.5447442,,
,1226,453055033,,,0,,,,-92.6309278,34.5452382,,
,1227,453179721,motorway_junction,,0,,,,-92.720538,34.4855189,,
,1228,453179899,,,0,,,,-92.7250727,34.4842986,,
,1229,453180748,,,0,,,,-92.7294887,34.4795323,,
,1230,453180805,,,0,,,,-92.7270571,34.482241,,
,1231,453180954,,,0,,,,-92.7266414,34.4820154,,
,1232,453183801,,,0,,,,-92.7200848,34.4854847,,
,1233,453186233,motorway_junction,,0,,,,-92.7290977,34.4787231,,
,1234,453186638,,,0,,,,-92.725047,34.4802446,,
,1235,453186740,,,0,,,,-92.7242946,34.4797338,,
,1236,453186815,,,0,,,,-92.7250298,34.4832374,,
,1237,453205796,motorway_junction,,0,,,,-92.830416,34.3951093,,
,1238,453208199,,,0,,,,-92.8240663,34.3987924,,
,1239,453537537,motorway_junction,,0,,,,-93.1139047,34.4820916,,
,1240,453573936,traffic_signals,,1,,,,-93.084915,34.4927718,,
,1241,454173322,,,0,,,,-93.0703029,34.4980869,,
,1242,455665905,,,0,,,,-90.7948163,35.035982,,
,1243,456405399,,,0,,,,-90.3968027,35.1512764,,
,1244,456405421,motorway_junction,,0,,,,-90.2976082,35.1477394,,
,1245,456405427,,,0,,,,-90.2868536,35.1476481,,
,1246,456405622,,,0,,,,-90.2953436,35.1473801,,
,1247,456405633,,,0,,,,-90.2888459,35.1474416,,
,1248,469423380,motorway_junction,,0,,,,-93.0311209,35.2488871,,
,1249,469876666,,,0,,,,-93.1421569,35.3071873,,
,1250,473144322,,,0,,,,-94.2210983,35.4898658,,
,1251,473144469,motorway_junction,,0,,,,-94.2310779,35.4878877,,
,1252,473145068,,,0,,,,-94.230508,35.4883091,,
,1253,473147826,motorway_junction,,0,,,,-94.1190752,35.5131687,,
,1254,473147965,,,0,,,,-94.1101605,35.5166927,,
,1255,474732174,motorway_junction,,0,,,,-92.0330345,34.9777127,,
,1256,474732311,,,0,,,,-92.0362894,34.980733,,
,1257,474732507,motorway_junction,,0,,,,-92.0345655,34.9791766,,
,1258,474732909,,,0,,,,-92.0374785,34.9760309,,
,1259,474737228,,,0,,,,-91.9997172,34.9995663,,
,1260,493607704,,,0,,,,-94.1835104,36.1779354,,
,1261,493609783,motorway_junction,,0,,,,-94.186714,36.1711273,,
,1262,493609796,,,0,,,,-94.18498,36.1748219,,
,1263,507053570,,,0,,,,-94.3539153,35.4322422,,
,1264,601493251,,,0,,,,-92.0187791,34.9755525,,
,1265,624707211,,,0,,,,-93.0506441,34.5026984,,
,1266,624707219,,,0,,,,-93.0484228,34.5032285,,
,1267,624707222,,,0,,,,-93.0476558,34.5037521,,
,1268,624707297,,,0,,,,-93.0470178,34.5028727,,
,1269,624876700,,,0,,,,-93.0638522,34.5018031,,
,1270,630370560,motorway_junction,,0,,,,-90.1275389,35.1470718,,
,1271,630392539,,,0,,,,-90.1863243,35.1682373,,
,1272,630392540,,,0,,,,-90.1856217,35.1693651,,
,1273,630392593,,,0,,,,-90.1250544,35.1460468,,
,1274,630392594,,,0,,,,-90.1239902,35.1459593,,
,1275,634412367,traffic_signals,,1,,,,-94.1725819,36.0285954,,
,1276,635810369,,,0,,,,-92.0961249,34.6958934,,
,1277,648987665,,,0,,,,-92.4546597,35.1184681,,
,1278,648987681,traffic_signals,,1,,,,-92.4603092,35.1163132,,
,1279,648987689,,,0,,,,-92.4653789,35.119538,,
,1280,656718857,,,0,,,,-93.5979792,33.6913967,,
,1281,667724210,traffic_signals,,1,,,,-94.3995859,35.3133307,,
,1282,667724215,,,0,,,,-94.2756586,35.1608233,,
,1283,677635447,,,0,,,,-92.3996675,35.1572344,,
,1284,748797116,,,0,,,,-90.2599117,35.1971235,,
,1285,748847841,,,0,,,,-90.1837538,35.1750933,,
,1286,748847845,,,0,,,,-90.1845963,35.1762451,,
,1287,748847855,,,0,,,,-90.1840716,35.1752154,,
,1288,762953413,,,0,,,,-94.2933747,36.1775587,,
,1289,762953414,,,0,,,,-94.2938762,36.1776281,,
,1290,762953443,,,0,,,,-94.2938643,36.1775123,,
,1291,764928263,,,0,,,,-94.1563909,36.0819093,,
,1292,766945035,,,0,,,,-90.291019,35.2144736,,
,1293,766945205,,,0,,,,-90.2903775,35.2142818,,
,1294,819701143,,,0,,,,-94.2124236,36.1758381,,
,1295,835038506,motorway_junction,,0,,,,-91.5665085,35.31967,,
,1296,836039334,,,0,,,,-91.5639274,35.3139008,,
,1297,841811140,motorway_junction,,0,,,,-92.4263917,35.0950625,,
,1298,842345651,,,0,,,,-91.1455164,34.6972413,,
,1299,842898165,,,0,,,,-92.4600103,35.1195308,,
,1300,842898225,motorway_junction,,0,,,,-92.4670424,35.1192699,,
,1301,842995650,traffic_signals,,1,,,,-92.4405386,35.1093194,,
,1302,842995825,,,0,,,,-92.4409945,35.1096068,,
,1303,842995893,,,0,,,,-92.440445,35.1096848,,
,1304,842995921,,,0,,,,-92.4406106,35.1089289,,
,1305,843005358,,,0,,,,-92.4361382,35.111569,,
,1306,843005482,,,0,,,,-92.4380997,35.1115353,,
,1307,843005484,,,0,,,,-92.4376283,35.111606,,
,1308,843016446,,,0,,,,-92.4396439,35.1092607,,
,1309,844778886,,,0,,,,-94.188836,36.0559247,,
,1310,845125979,traffic_signals,,1,,,,-94.236049,36.0426734,,
,1311,845426607,traffic_signals,,1,,,,-94.1457475,36.133524,,
,1312,846453013,,,0,,,,-94.1361134,36.0504112,,
,1313,846458479,traffic_signals,,1,,,,-94.1355767,36.0537838,,
,1314,848735471,,,0,,,,-94.0270227,36.1706122,,
,1315,849441523,traffic_signals,,1,,,,-94.1511858,36.0981624,,
,1316,849764859,,,0,,,,-94.3648653,35.3590932,,
,1317,849809387,,,0,,,,-94.3242274,35.4446589,,
,1318,861031756,,,0,,,,-92.2615785,34.7459738,,
,1319,861042129,,,0,,,,-92.2631717,34.7461944,,
,1320,861061827,,,0,,,,-92.2749454,34.7496486,,
,1321,861067726,,,0,,,,-92.2736871,34.7562346,,
,1322,939762592,,,0,,,,-93.8598139,35.5213667,,
,1323,939762626,motorway_junction,,0,,,,-93.8701964,35.5207808,,
,1324,995496368,,,0,,,,-90.1339333,35.1465928,,
,1325,1001634334,motorway_junction,,0,,,,-93.1423323,35.3069227,,
,1326,1001634337,motorway_junction,,0,,,,-93.1351183,35.3050797,,
,1327,1001634340,,,0,,,,-93.1383545,35.3056316,,
,1328,1116078738,motorway_junction,,0,,,,-92.9900835,34.4717325,,
,1329,1116202390,motorway_junction,,0,,,,-92.8094945,34.4091106,,
,1330,1116202400,,,0,,,,-92.8016916,34.4173837,,
,1331,1116202467,,,0,,,,-92.8077107,34.4140072,,
,1332,1116202506,,,0,,,,-92.803806,34.4120654,,
,1333,1116202514,,,0,,,,-92.8098056,34.4092441,,
,1334,1116202639,motorway_junction,,0,,,,-92.8020316,34.4174285,,
,1335,1116230557,,,0,,,,-92.8281915,34.395596,,
,1336,1116351730,,,0,,,,-94.2551477,36.176842,,
,1337,1116507320,,,0,,,,-94.1480217,36.1163606,,
,1338,1116874931,,,0,,,,-94.1446927,36.1240796,,
,1339,1116874932,,,0,,,,-94.1441301,36.1235114,,
,1340,1122554779,,,0,,,,-94.2104196,36.3355704,,
,1341,1127673202,traffic_signals,,1,,,,-94.1178789,36.1364147,,
,1342,1137667870,,,0,,,,-93.7334518,36.0873313,,
,1343,1137677373,,,0,,,,-93.7336433,36.12326,,
,1344,1137677400,,,0,,,,-93.7344285,36.1213083,,
,1345,1137677402,,,0,,,,-93.7339948,36.1203853,,
,1346,1137694871,,,0,,,,-93.7702907,36.1140746,,
,1347,1138900188,,,0,,,,-92.8286645,34.3947019,,
,1348,1139469784,,,0,,,,-90.817351,34.9935886,,
,1349,1139469796,,,0,,,,-90.815579,34.994753,,
,1350,1139469832,,,0,,,,-90.819812,34.993515,,
,1351,1139469969,,,0,,,,-90.8086619,35.058142,,
,1352,1139470069,,,0,,,,-90.8170789,34.9928787,,
,1353,1139470293,,,0,,,,-90.8154949,34.9889796,,
,1354,1139470382,,,0,,,,-90.8199561,34.9934729,,
,1355,1139470490,,,0,,,,-90.8151716,34.9881809,,
,1356,1139470543,,,0,,,,-90.8157387,34.9947063,,
,1357,1198283055,,,0,,,,-94.305287,35.2230712,,
,1358,1198283060,,,0,,,,-94.3062687,35.2231827,,
,1359,1198283065,,,0,,,,-94.3056157,35.2226043,,
,1360,1208642002,motorway_junction,,0,,,,-92.4607655,35.1174029,,
,1361,1208642032,,,0,,,,-92.4602971,35.1170337,,
,1362,1208642104,,,0,,,,-92.4599008,35.1173669,,
,1363,1221207550,,,0,,,,-93.1706674,35.3037823,,
,1364,1221218867,,,0,,,,-93.1697594,35.3047402,,
,1365,1221218899,,,0,,,,-93.1705898,35.3041965,,
,1366,1221218910,,,0,,,,-93.1699078,35.3041588,,
,1367,1221380289,,,0,,,,-93.1655991,35.2212483,,
,1368,1221380291,,,0,,,,-93.1645831,35.2194391,,
,1369,1221380305,traffic_signals,,1,,,,-93.1651889,35.220337,,1
,1370,1222008452,motorway_junction,,0,,,,-93.5218704,35.464102,,
,1371,1222008460,,,0,,,,-93.5224392,35.4640585,,
,1372,1222008471,,,0,,,,-93.5222084,35.4642672,,
,1373,1222008497,,,0,,,,-93.5218952,35.4645601,,
,1374,1222008501,,,0,,,,-93.5219382,35.4640623,,
,1375,1222395535,,,0,,,,-93.0346549,35.2497164,,
,1376,1222395542,,,0,,,,-93.0346928,35.250705,,
,1377,1238543000,,,0,,,,-94.1405073,36.1677168,,
,1378,1240480912,,,0,,,,-94.0795719,35.2955347,,
,1379,1240499878,,,0,,,,-94.2921165,35.322407,,
,1380,1240499891,,,0,,,,-94.2899773,35.3212538,,
,1381,1240499900,,,0,,,,-94.2944107,35.3222813,,
,1382,1240499910,motorway_junction,,0,,,,-94.2917379,35.3222205,,
,1383,1245635112,,,0,,,,-92.717921,35.1715509,,
,1384,1245635156,,,0,,,,-92.7175832,35.1702795,,
,1385,1257819640,traffic_signals,,1,,,,-94.1242637,36.3549976,,
,1386,1257819641,,,0,,,,-94.1249213,36.3552386,,
,1387,1263109318,,,0,,,,-94.4809553,35.9612586,,
,1388,1279340815,traffic_signals,,1,,,,-94.1503193,36.1163259,,
,1389,1280662326,,,0,,,,-94.1451724,36.1261775,,
,1390,1280662367,,,0,,,,-94.1448952,36.1259279,,
,1391,1280662502,,,0,,,,-94.144877,36.1264829,,
,1392,1280662591,,,0,,,,-94.145214,36.1262926,,
,1393,1280662796,traffic_signals,,1,,,,-94.1446211,36.1261475,,2
,1394,1286144999,,,0,,,,-93.5754683,33.6586552,,
,1395,1286145002,,,0,,,,-93.5746868,33.6582873,,
,1396,1286145034,,,0,,,,-93.5751588,33.6581684,,
,1397,1294179567,,,0,,,,-93.7717085,36.4194011,,
,1398,1294179758,,,0,,,,-93.7730997,36.4230076,,
,1399,1294179766,,,0,,,,-93.7359124,36.3876054,,
,1400,1294179774,,,0,,,,-93.8243036,36.4481172,,
,1401,1300276445,,,0,,,,-93.7951408,35.8117535,,
,1402,1300276590,,,0,,,,-93.7950416,35.8118861,,
,1403,1300277336,,,0,,,,-93.7951006,35.8116164,,
,1404,1300277685,,,0,,,,-93.7946708,35.812292,,
,1405,1313300467,,,0,,,,-94.4233793,35.2944818,,
,1406,1330946233,traffic_signals,,1,,,,-93.1705453,35.3014935,,
,1407,1333880895,,,0,,,,-91.5395253,34.5168274,,
,1408,1333880952,,,0,,,,-91.5397696,34.5081017,,
,1409,1333880993,,,0,,,,-94.2258442,35.4834265,,
,1410,1333881177,,,0,,,,-91.5413983,34.5364859,,
,1411,1333881211,,,0,,,,-91.5364305,34.5157348,,
,1412,1333881237,,,0,,,,-91.540164,34.5060013,,
,1413,1347669151,,,0,,,,-90.7120942,35.2488378,,
,1414,1367514964,,,0,,,,-93.5369053,35.1118841,,
,1415,1388801499,,,0,,,,-94.1845144,36.3346929,,
,1416,1388801540,,,0,,,,-94.1852025,36.3350881,,
,1417,1390162461,,,0,,,,-93.7107771,35.130935,,
,1418,1390372641,,,0,,,,-94.2795317,35.2216532,,
,1419,1390490013,,,0,,,,-94.4092929,35.3272574,,
,1420,1390490021,,,0,,,,-94.4219239,35.3592524,,
,1421,1390490030,,,0,,,,-94.4219035,35.3598173,,
,1422,1391887549,,,0,,,,-93.8428651,35.488994,,
,1423,1403663572,,,0,,,,-94.3301117,34.0455249,,
,1424,1404104967,,,0,,,,-93.3856903,33.7957726,,
,1425,1404104977,,,0,,,,-93.3864454,33.7980458,,
,1426,1404104980,,,0,,,,-93.3862416,33.7982112,,
,1427,1404104984,,,0,,,,-93.3865242,33.7983961,,
,1428,1405251709,,,0,,,,-93.041211,35.2243619,,
,1429,1406558122,,,0,,,,-93.2022914,34.4429954,,
,1430,1406558132,,,0,,,,-93.2211421,34.4455205,,
,1431,1407039944,,,0,,,,-93.2132842,33.2964132,,
,1432,1437075144,,,0,,,,-92.7737714,34.8812082,,
,1433,1437075150,,,0,,,,-92.7734575,34.8813553,,
,1434,1437075152,,,0,,,,-92.7738321,34.8813747,,
,1435,1457016687,motorway_junction,,0,,,,-92.4242126,35.0920574,,
,1436,1458639657,,,0,,,,-91.5617018,35.3180455,,
,1437,1459280768,,,0,,,,-92.7662907,34.3647139,,
,1438,1459280848,,,0,,,,-92.7666445,34.369575,,
,1439,1474063784,,,0,,,,-93.7313728,36.0878185,,
,1440,1476913240,,,0,,,,-91.5530656,34.7800347,,
,1441,1476913280,,,0,,,,-91.5510937,34.7792979,,
,1442,1484140611,,,0,,,,-92.840187,33.5705583,,
,1443,1484140696,,,0,,,,-92.8384964,33.5689334,,
,1444,1484140729,,,0,,,,-92.8381414,33.5702678,,
,1445,1484140740,,,0,,,,-92.8372475,33.5707443,,
,1446,1484622196,,,0,,,,-92.8664268,33.585665,,
,1447,1484627943,,,0,,,,-92.8776054,33.58622,,
,1448,1484627946,,,0,,,,-92.8764529,33.5861542,,
,1449,1506844710,,,0,,,,-91.9617786,34.3009179,,
,1450,1613547951,,,0,,,,-92.1675885,34.7346525,,
,1451,1613547953,,,0,,,,-92.1682709,34.7344614,,
,1452,1613547994,motorway_junction,,0,,,,-92.1681499,34.734487,,
,1453,1613548077,,,0,,,,-92.1719326,34.7361468,,
,1454,1632867635,,,0,,,,-91.2979882,34.6921166,,
,1455,1635691423,,,0,,,,-92.2770357,34.7390161,,
,1456,1635691425,,,0,,,,-92.2769312,34.7395299,,
,1457,1720339028,,,0,,,,-94.0814075,33.6232515,,
,1458,1775141744,,,0,,,,-94.1402077,36.1672718,,
,1459,1775141754,,,0,,,,-94.1391032,36.1689161,,
,1460,1775141756,,,0,,,,-94.1393244,36.1690421,,
,1461,1775166524,,,0,,,,-94.1440657,36.1462256,,
,1462,1775166527,,,0,,,,-94.1441373,36.1444086,,
,1463,1820888091,,,0,,,,-93.2851066,33.5940117,,
,1464,1831457207,,,0,,,,-91.9987684,34.9891402,,
,1465,1831457221,,,0,,,,-91.9942722,34.9833569,,
,1466,1867825113,,,0,,,,-91.9142723,34.7700153,,
,1467,1867825114,,,0,,,,-91.9150935,34.7694988,,
,1468,1909861491,motorway_junction,,0,,,,-91.1958279,34.9111254,,
,1469,1909861495,,,0,,,,-91.1960213,34.9114864,,
,1470,1909861614,,,0,,,,-93.1380375,35.3045626,,
,1471,1909861617,,,0,,,,-93.1377248,35.3048125,,
,1472,1912718640,,,0,,,,-93.6086347,33.6810348,,
,1473,1933109958,,,0,,,,-92.1725521,34.7360133,,
,1474,1933110128,,,0,,,,-94.3991331,35.313005,,
,1475,1933110138,,,0,,,,-94.3995513,35.3132734,,
,1476,1933110185,motorway_junction,,0,,,,-94.3651533,35.3599092,,
,1477,1946859165,,,0,,,,-92.9918717,34.4673647,,
,1478,1946859317,motorway_junction,,0,,,,-92.9875644,34.4741316,,
,1479,1946859337,,,0,,,,-93.1146588,34.4746127,,
,1480,1946859429,,,0,,,,-93.1140235,34.4816681,,
,1481,1946859554,,,0,,,,-93.1119033,34.4910776,,
,1482,1946859569,motorway_junction,,0,,,,-93.1117832,34.491093,,
,1483,1946859753,,,0,,,,-93.1143998,34.4942219,,
,1484,1979276975,,,0,,,,-92.4305192,34.3126641,,
,1485,1979276976,,,0,,,,-93.9321688,36.490386,,
,1486,2015915833,,,0,,,,-94.2256741,36.0466555,,
,1487,2092881829,,,0,,,,-92.9263697,34.237706,,
,1488,2092881830,,,0,,,,-92.9262096,34.2377147,,
,1489,2092881836,,,0,,,,-92.926455,34.2379143,,
,1490,2095111548,,,0,,,,-91.8736292,34.5457815,,
,1491,2095111555,,,0,,,,-91.8743439,34.5458123,,
,1492,2109521339,,,0,,,,-90.7724614,34.7776529,,
,1493,2181447809,,,0,,,,-93.2169496,33.2648627,,
,1494,2272746712,,,0,,,,-94.2905552,35.3205957,,
,1495,2333088980,,,0,,,,-90.7957062,34.8484344,,
,1496,2347804238,,,0,,,,-94.2912539,35.3210145,,
,1497,2422451651,,,0,,,,-94.559181,35.9878169,,
,1498,2505463019,,,0,,,,-94.1520253,36.115269,,
,1499,2505463029,motorway_junction,,0,,,,-94.1483688,36.1166879,,
,1500,2595071959,,,0,,,,-92.0109717,34.2574287,,
,1501,2638955825,,,0,,,,-94.1979387,36.175618,,
,1502,2670473363,,,0,,,,-94.1379671,36.1672464,,
,1503,2670473366,,,0,,,,-94.1379679,36.1674669,,
,1504,2690729288,,,0,,,,-92.4384906,35.0993186,,
,1505,2733505519,,,0,,,,-93.9358319,33.9981617,,
,1506,2733505535,,,0,,,,-93.9369053,33.9990339,,
,1507,2758768360,,,0,,,,-90.7925956,34.7958605,,
,1508,2758768378,,,0,,,,-90.7977616,34.8090317,,
,1509,2758768382,,,0,,,,-90.7973402,34.8089226,,
,1510,2809640076,,,0,,,,-94.0669279,34.8566206,,
,1511,2809640087,,,0,,,,-94.0674719,34.8565863,,
,1512,2813728681,,,0,,,,-93.3862723,36.3260061,,
,1513,2815752945,,,0,,,,-90.5755861,35.2755298,,
,1514,2815752957,,,0,,,,-90.5764571,35.2754372,,
,1515,2829132425,,,0,,,,-94.2195514,36.4125669,,
,1516,2829132463,,,0,,,,-94.2197174,36.4131595,,
,1517,2829132483,,,0,,,,-94.2201851,36.4131234,,
,1518,2844356666,,,0,,,,-94.1800403,35.9314144,,
,1519,2851688958,,,0,,,,-93.7332507,36.0871128,,
,1520,2852339125,,,0,,,,-92.8064494,34.9283927,,
,1521,2874536959,,,0,,,,-93.9368501,33.9980225,,
,1522,2874536960,,,0,,,,-93.9368075,33.998132,,
,1523,2874878237,,,0,,,,-93.2163324,33.2638624,,
,1524,2874878247,,,0,,,,-93.2171886,33.2649576,,
,1525,2874878252,,,0,,,,-93.2160664,33.2654745,,
,1526,2875048710,,,0,,,,-90.468277,35.2757271,,
,1527,2875048711,,,0,,,,-90.4693809,35.2757307,,
,1528,2876288361,,,0,,,,-93.070154,34.1823736,,
,1529,2910207269,,,0,,,,-94.2263164,35.4826093,,
,1530,2918980530,,,0,,,,-94.1642686,36.058117,,
,1531,2919107204,,,0,,,,-94.1369465,36.0491438,,
,1532,2919107422,,,0,,,,-94.1276802,36.053322,,
,1533,2919107443,,,0,,,,-94.1269935,36.0540952,,
,1534,2919207485,,,0,,,,-94.1447876,36.1210689,,
,1535,2922190851,,,0,,,,-92.4378469,35.0976663,,
,1536,2922191028,,,0,,,,-92.4464412,35.1121748,,
,1537,2930884711,,,0,,,,-90.7898392,35.033735,,
,1538,2936278533,,,0,,,,-91.2262243,35.0040127,,
,1539,2936278534,,,0,,,,-91.2266334,35.0040304,,
,1540,2936278535,,,0,,,,-91.2274993,35.0040552,,
,1541,2936278539,,,0,,,,-91.2266873,35.0040976,,
,1542,2936278549,,,0,,,,-91.2266816,35.0042413,,
,1543,2936278555,,,0,,,,-91.2262983,35.0043754,,
,1544,2937288480,,,0,,,,-91.1638992,34.9822974,,
,1545,2958904081,,,0,,,,-90.4883749,35.1290827,,
,1546,2958904086,,,0,,,,-90.4881861,35.1294096,,
,1547,3144149582,,,0,,,,-90.1853648,35.1465077,,
,1548,3144149591,,,0,,,,-90.1847955,35.1471342,,
,1549,3144149594,,,0,,,,-90.1847917,35.1465101,,
,1550,3260616004,,,0,,,,-90.3259799,35.2337443,,
,1551,3260616011,,,0,,,,-90.3265578,35.2339943,,
,1552,3409180632,traffic_signals,,1,,,,-94.2575928,36.0373071,,
,1553,3424233089,,,0,,,,-93.7694308,36.1145669,,
,1554,3424234995,,,0,,,,-93.7662677,36.1151694,,
,1555,3424669959,,,0,,,,-92.3942705,34.3423948,,
,1556,3424669965,,,0,,,,-92.403431,34.2463668,,
,1557,3555470472,,,0,,,,-94.302106,34.5521495,,
,1558,3579363511,,,0,,,,-94.0569361,33.9618259,,
,1559,3579425068,,,0,,,,-93.947529,34.0267062,,
,1560,3579425070,,,0,,,,-93.9479268,34.0264989,,
,1561,3580590427,,,0,,,,-93.6419244,34.2501547,,
,1562,3580590429,,,0,,,,-93.64168,34.2503295,,
,1563,3588044817,,,0,,,,-90.1847504,35.1547951,,
,1564,3588044818,,,0,,,,-90.1847472,35.1553791,,
,1565,3643373785,,,0,,,,-92.4453001,35.1118348,,
,1566,3644637706,,,0,,,,-93.3798398,36.322254,,
,1567,3663888578,,,0,,,,-94.2934815,35.321957,,
,1568,3663888590,,,0,,,,-94.2936204,35.3230635,,
,1569,3693884543,,,0,,,,-94.3482256,35.9641915,,
,1570,3693884573,,,0,,,,-94.2969672,35.9882445,,
,1571,3693884576,traffic_signals,,1,,,,-94.2990351,35.9851018,,
,1572,3693884579,,,0,,,,-94.346906,35.964439,,
,1573,3697487370,,,0,,,,-94.2611493,36.0351737,,
,1574,3697623151,,,0,,,,-94.2046824,36.0512878,,
,1575,3707395376,traffic_signals,,1,,,,-94.1204405,36.1053873,,
,1576,3707395399,traffic_signals,,1,,,,-94.1178767,36.1294209,,
,1577,3707395403,traffic_signals,,1,,,,-94.1177197,36.1364131,,
,1578,3708771572,crossing,,0,,,,-94.1806275,36.0567059,,
,1579,3746158320,,,0,,,,-93.3385835,33.3499978,,
,1580,3746161426,,,0,,,,-93.3389789,33.3496138,,
,1581,3746161435,,,0,,,,-93.3381948,33.3503458,,
,1582,3787635299,,,0,,,,-93.859316,33.920554,,
,1583,3787778592,,,0,,,,-92.4027418,34.2465163,,
,1584,3792009516,,,0,,,,-90.7941651,35.2540007,,
,1585,3792009517,,,0,,,,-90.7931131,35.254032,,
,1586,3919366460,,,0,,,,-91.5887529,34.4779197,,
,1587,3919366467,,,0,,,,-91.5879611,34.4789494,,
,1588,3919366472,,,0,,,,-91.5882928,34.4791372,,
,1589,3919366475,,,0,,,,-91.5884145,34.4788658,,
,1590,3919366479,,,0,,,,-91.5880421,34.4787889,,
,1591,3936927897,,,0,,,,-94.1364921,36.049571,,
,1592,3979567265,,,0,,,,-94.4052172,35.3765767,,
,1593,3994962550,,,0,,,,-94.0322799,36.4394919,,
,1594,3994962567,,,0,,,,-94.0065176,36.4467246,,
,1595,4038874423,traffic_signals,,1,,,,-94.192997,36.1609792,,
,1596,4148713306,,,0,,,,-94.3810357,34.4823838,,
,1597,4169944982,,,0,,,,-94.1081834,34.887926,,
,1598,4169944984,,,0,,,,-94.1076612,34.8883271,,
,1599,4169945249,,,0,,,,-94.108039,34.8878532,,
,1600,4169945299,,,0,,,,-94.1076064,34.8875334,,
,1601,4169988421,,,0,,,,-94.1025058,34.9309279,,
,1602,4169988447,,,0,,,,-94.1030557,34.9293754,,
,1603,4169988717,,,0,,,,-94.1028974,34.9297471,,
,1604,4169988732,,,0,,,,-94.1023256,34.9312976,,
,1605,4254390090,,,0,,,,-92.2060207,34.7489156,,
,1606,4293262375,,,0,,,,-94.3535949,35.4325459,,
,1607,4293262590,traffic_signals,,1,,,,-94.3531655,35.4328447,,
,1608,4293290901,traffic_signals,,1,,,,-94.3478004,35.4367024,,
,1609,4313845459,,,0,,,,-93.1264921,34.5037451,,
,1610,4313845462,,,0,,,,-93.1259694,34.5040135,,
,1611,4491300158,,,0,,,,-90.789731,35.0325576,,
,1612,4491300166,,,0,,,,-90.7898421,35.0356925,,
,1613,4491300168,,,0,,,,-90.7898448,35.0366316,,
,1614,4517069191,,,0,,,,-92.7959488,35.0398213,,
,1615,4551649074,,,0,,,,-93.1325725,35.2933492,,
,1616,4551649078,,,0,,,,-93.1333091,35.2930298,,
,1617,4551649079,,,0,,,,-93.1324835,35.2939591,,
,1618,4561877985,,,0,,,,-94.4209961,35.3843957,,
,1619,4612994099,,,0,,,,-91.8694038,34.3177927,,
,1620,4612994106,,,0,,,,-91.8690078,34.3170404,,
,1621,4612994111,,,0,,,,-91.8675623,34.317726,,
,1622,4629929219,,,0,,,,-91.2472345,34.6930137,,
,1623,4629929223,,,0,,,,-91.2481323,34.6930237,,
,1624,4630036149,,,0,,,,-91.1462038,34.6979142,,
,1625,4630036153,,,0,,,,-91.1463402,34.6971776,,
,1626,4638853874,,,0,,,,-90.7107121,35.0371881,,
,1627,4646426817,,,0,,,,-93.0706443,34.1814324,,
,1628,4728648630,,,0,,,,-91.5307973,35.3020637,,
,1629,4784583415,traffic_signals,,1,,,,-93.0938744,35.2778234,,
,1630,4902838085,,,0,,,,-94.1697635,36.0566195,,
,1631,4902838090,,,0,,,,-94.1834654,36.0565938,,
,1632,4902838095,,,0,,,,-94.189117,36.0557873,,
,1633,4905082757,,,0,,,,-94.173837,35.9985984,,
,1634,4925136240,,,0,,,,-94.1569277,36.0481609,,
,1635,4956893374,,,0,,,,-92.4401149,35.1023143,,
,1636,4956893390,,,0,,,,-92.4388641,35.0992317,,
,1637,4956893393,,,0,,,,-92.4386832,35.0988805,,
,1638,5029828881,motorway_junction,,0,,,,-92.4546208,35.118863,,
,1639,5029828900,,,0,,,,-92.4588973,35.1330658,,
,1640,5060472710,,,0,,,,-93.1337341,35.277901,,
,1641,5107712958,,,0,,,,-92.4402726,35.1026302,,
,1642,5108615046,,,0,,,,-94.2092408,36.3356509,,
,1643,5111372072,,,0,,,,-94.1311027,36.0532524,,
,1644,5155474232,,,0,,,,-93.7071634,36.113935,,
,1645,5209601207,,,0,,,,-92.4301898,34.3129701,,
,1646,5209601212,,,0,,,,-92.4299111,34.3126236,,
,1647,5209601213,,,0,,,,-92.4306065,34.3122971,,
,1648,5209601218,,,0,,,,-92.4309092,34.3126846,,
,1649,5209601331,,,0,,,,-92.4314136,34.3127111,,
,1650,5209601411,,,0,,,,-92.4034176,34.2467018,,
,1651,5209601423,,,0,,,,-92.4032134,34.2458559,,
,1652,5209601449,,,0,,,,-92.3938141,34.3428317,,
,1653,5209601455,,,0,,,,-92.3937633,34.3420647,,
,1654,5306605560,motorway_junction,,0,,,,-92.2629357,34.7469213,,
,1655,5391117172,,,0,,,,-94.1684805,36.056581,,
,1656,5391117175,,,0,,,,-94.1689723,36.0565957,,
,1657,5590852960,,,0,,,,-92.4467483,35.111891,,
,1658,5593529454,,,0,,,,-92.4383921,35.0989666,,
,1659,5593529491,,,0,,,,-92.4404607,35.1021743,,
,1660,5593529496,,,0,,,,-92.4406122,35.1025669,,
,1661,5593599926,,,0,,,,-92.4407139,35.1062455,,
,1662,5600822496,,,0,,,,-92.424593,35.0916371,,
,1663,5600864820,,,0,,,,-92.4336922,35.1120083,,
,1664,5600865805,,,0,,,,-92.4339761,35.1124008,,
,1665,5600865815,,,0,,,,-92.4339538,35.1120948,,
,1666,5600890772,,,0,,,,-92.4598848,35.1209157,,
,1667,5600890773,,,0,,,,-92.4599083,35.1206564,,
,1668,5600890809,,,0,,,,-92.4602629,35.1173924,,
,1669,5600890810,,,0,,,,-92.4602569,35.117487,,
,1670,5613698083,motorway_junction,,0,,,,-92.4611144,35.1192704,,
,1671,5613698097,,,0,,,,-92.4599941,35.1197095,,
,1672,5639301352,,,0,,,,-90.1846845,35.1692984,,
,1673,5639301354,,,0,,,,-90.1849642,35.1675064,,
,1674,5639303124,,,0,,,,-90.1847035,35.167791,,
,1675,5736681049,,,0,,,,-90.1857391,35.1680835,,
,1676,5736681057,,,0,,,,-90.1851796,35.168391,,
,1677,5800727266,,,0,,,,-92.6312289,34.5454299,,
,1678,5847487800,,,0,,,,-94.3987772,35.9477645,,
,1679,5898722526,,,0,,,,-92.2951287,34.7545862,,
,1680,5925974617,,,0,,,,-94.2264659,35.4896649,,
,1681,5925974620,,,0,,,,-94.2261618,35.490005,,
,1682,5925974624,,,0,,,,-94.2260413,35.4897476,,
,1683,5925974625,,,0,,,,-94.2257681,35.4883719,,
,1684,5925974628,traffic_signals,,1,,,,-94.2262048,35.4882815,,0
,1685,5925974629,,,0,,,,-94.226059,35.4883109,,
,1686,5925974632,,,0,,,,-94.2260824,35.4907225,,
,1687,5925974635,,,0,,,,-94.2260778,35.487998,,
,1688,5925974636,,,0,,,,-94.2261467,35.4877425,,
,1689,5926087255,,,0,,,,-93.1144729,34.4783683,,
,1690,5926087259,,,0,,,,-93.1139459,34.4781937,,
,1691,5926087260,,,0,,,,-93.1141733,34.4781302,,
,1692,5926087263,motorway_junction,,0,,,,-93.1143418,34.4777241,,
,1693,5926087264,,,0,,,,-93.1157971,34.4774941,,
,1694,5926087267,motorway_junction,,0,,,,-93.115675,34.4779011,,
,1695,5926087268,,,0,,,,-93.1154808,34.4772135,,
,1696,5926087271,,,0,,,,-93.1161334,34.4773352,,
,1697,5926248329,,,0,,,,-92.9905182,34.4716189,,
,1698,5926248331,,,0,,,,-92.9901313,34.4714966,,
,1699,5926248333,,,0,,,,-92.9903325,34.4712574,,
,1700,5926248335,,,0,,,,-92.990586,34.4716409,,
,1701,5926297263,,,0,,,,-93.5199878,35.4662605,,
,1702,5926297264,,,0,,,,-93.5203317,35.4659585,,
,1703,5926297267,,,0,,,,-93.520037,35.4662166,,
,1704,5926297269,,,0,,,,-93.5202214,35.4660531,,
,1705,5926297270,,,0,,,,-93.5204854,35.4662909,,
,1706,5926297271,motorway_junction,,0,,,,-93.5199805,35.4659324,,
,1707,5926332116,,,0,,,,-93.3843757,35.412897,,
,1708,5926332124,,,0,,,,-93.3841647,35.4157738,,
,1709,5926332128,,,0,,,,-93.3844274,35.415587,,
,1710,5926332129,motorway_junction,,0,,,,-93.3839835,35.4155925,,
,1711,5926401206,,,0,,,,-93.0353421,35.2481474,,
,1712,5926401209,,,0,,,,-93.0360002,35.2476677,,
,1713,5926407186,,,0,,,,-92.8283096,35.220878,,
,1714,5926411247,,,0,,,,-92.8335417,35.2164867,,
,1715,5926411250,,,0,,,,-92.833127,35.2165201,,
,1716,5926411253,,,0,,,,-92.8331448,35.2162035,,
,1717,5926411255,,,0,,,,-92.8320073,35.2175435,,
,1718,5926411258,motorway_junction,,0,,,,-92.8319675,35.2178834,,
,1719,5926411262,,,0,,,,-92.8321627,35.2173953,,
,1720,5926411266,,,0,,,,-92.8316798,35.2178454,,
,1721,5926437086,motorway_junction,,0,,,,-92.7175527,35.1754651,,
,1722,5926437089,,,0,,,,-92.7178231,35.1753648,,
,1723,5926437096,,,0,,,,-92.7178994,35.1725257,,
,1724,5926437099,,,0,,,,-92.7175659,35.1723306,,
,1725,5926437102,,,0,,,,-92.7179137,35.1720501,,
,1726,5926449828,,,0,,,,-92.554291,35.1511759,,
,1727,5926449831,motorway_junction,,0,,,,-92.5544453,35.1514766,,
,1728,5926449833,,,0,,,,-92.5541492,35.1515093,,
,1729,5926449835,,,0,,,,-92.5539576,35.1513333,,
,1730,5926449837,,,0,,,,-92.5542656,35.1512351,,
,1731,5926449840,,,0,,,,-92.5530162,35.1541841,,
,1732,5926449843,,,0,,,,-92.5532992,35.1544362,,
,1733,5926449848,motorway_junction,,0,,,,-92.552615,35.1542391,,
,1734,5926457741,,,0,,,,-92.4605565,35.1206826,,
,1735,5926457745,,,0,,,,-92.4598575,35.1212555,,
,1736,5926471742,,,0,,,,-92.4343732,35.1119276,,
,1737,5926471744,,,0,,,,-92.4336834,35.1121243,,
,1738,5926471745,,,0,,,,-92.4359186,35.1118732,,
,1739,5926471747,,,0,,,,-92.4360718,35.1117391,,
,1740,5926471748,,,0,,,,-92.4363448,35.1117058,,
,1741,5926471749,,,0,,,,-92.4330969,35.1120755,,
,1742,5926471754,,,0,,,,-92.4326653,35.1121751,,
,1743,5926471759,,,0,,,,-92.4369381,35.1116746,,
,1744,5928911422,,,0,,,,-90.5483651,35.1172858,,
,1745,5928911425,,,0,,,,-90.5480363,35.1176017,,
,1746,5928930453,,,0,,,,-90.4004278,35.152781,,
,1747,5928930456,,,0,,,,-90.4007839,35.1529774,,
,1748,5928930461,motorway_junction,,0,,,,-90.4001963,35.1529896,,
,1749,5928930464,,,0,,,,-90.4004905,35.1492414,,
,1750,5928930467,,,0,,,,-90.4002483,35.1494088,,
,1751,5928930470,,,0,,,,-90.4004858,35.1495912,,
,1752,5928930473,motorway_junction,,0,,,,-90.4008268,35.1494054,,
,1753,5928930476,,,0,,,,-90.4004679,35.1484453,,
,1754,5928930479,,,0,,,,-90.4000501,35.1482143,,
,1755,5928930482,,,0,,,,-90.4004409,35.1479858,,
,1756,5928931985,,,0,,,,-90.4010115,35.1481342,,
,1757,5941843276,,,0,,,,-94.17375,36.0164542,,
,1758,5966551811,,,0,,,,-93.3934756,35.0545579,,
,1759,5966551814,,,0,,,,-93.3930763,35.0543142,,
,1760,5968399416,,,0,,,,-94.1446161,36.1264052,,
,1761,5968399418,,,0,,,,-94.1444159,36.1262295,,
,1762,5968418584,,,0,,,,-93.6422012,34.2504175,,
,1763,5971262588,,,0,,,,-93.768943,36.1144516,,
,1764,5971262592,,,0,,,,-93.7691844,36.1140745,,
,1765,5971566849,,,0,,,,-94.1922867,36.3566366,,
,1766,6009485321,,,0,,,,-93.1538668,35.2243321,,
,1767,6009485326,,,0,,,,-93.1476957,35.2268787,,
,1768,6009485327,,,0,,,,-93.1542228,35.2241415,,
,1769,6009485328,,,0,,,,-93.1475535,35.2269,,
,1770,6011429302,,,0,,,,-94.1813774,36.0566759,,
,1771,6038652721,,,0,,,,-92.4401657,35.1061677,,
,1772,6038652727,,,0,,,,-92.4406323,35.1060545,,
,1773,6073050291,,,0,,,,-93.1328023,35.2937095,,
,1774,6073050292,,,0,,,,-93.1330781,35.2934188,,
,1775,6073050296,,,0,,,,-93.1324647,35.2934088,,
,1776,6083488126,,,0,,,,-94.191433,36.1754928,,
,1777,6110240997,,,0,,,,-94.1960723,36.0535959,,
,1778,6110241001,,,0,,,,-94.1958828,36.0539717,,
,1779,6110241019,,,0,,,,-94.2029537,36.0513922,,
,1780,6110241022,,,0,,,,-94.2032902,36.0515953,,
,1781,6110241038,,,0,,,,-94.226233,36.0465335,,
,1782,6111727243,,,0,,,,-94.1846541,36.1756458,,
,1783,6111727246,,,0,,,,-94.1844001,36.1753217,,
,1784,6111869641,,,0,,,,-94.1877517,36.1753843,,
,1785,6111869642,,,0,,,,-94.1874486,36.1751291,,
,1786,6111935226,,,0,,,,-94.2925176,36.1775355,,
,1787,6182954297,,,0,,,,-94.1194912,36.1631104,,
,1788,6185179157,,,0,,,,-94.090383,36.1648377,,
,1789,6204730572,,,0,,,,-94.176407,35.9478709,,
,1790,6204730573,,,0,,,,-94.1748546,35.9895312,,
,1791,6204903828,,,0,,,,-94.125919,35.7946897,,
,1792,6204903830,,,0,,,,-94.1290978,35.8166672,,
,1793,6206908579,,,0,,,,-94.3326948,35.9715844,,
,1794,6206908584,,,0,,,,-94.324302,35.9745078,,
,1795,6206909391,,,0,,,,-94.3135396,35.976261,,
,1796,6206909396,,,0,,,,-94.3078685,35.9826294,,
,1797,6215341607,,,0,,,,-94.4944562,35.9785281,,
,1798,6215341617,,,0,,,,-94.4884408,35.978458,,
,1799,6215341620,,,0,,,,-94.4329976,35.9524842,,
,1800,6215341623,,,0,,,,-94.43171,35.9513784,,
,1801,6215341628,,,0,,,,-94.4179702,35.9479714,,
,1802,6228739144,,,0,,,,-94.1370314,36.2441164,,
,1803,6235232594,,,0,,,,-94.1259899,36.3246364,,
,1804,6235232609,,,0,,,,-94.1276934,36.2892876,,
,1805,6235232628,,,0,,,,-94.1365488,36.2672755,,
,1806,6262969123,,,0,,,,-94.1253906,36.3485109,,
,1807,6262969129,,,0,,,,-94.1255901,36.3399246,,
,1808,6267250461,,,0,,,,-94.1820856,36.3563946,,
,1809,6267250462,,,0,,,,-94.1817176,36.3564907,,
,1810,6267250471,,,0,,,,-94.1829094,36.3564693,,
,1811,6267250483,,,0,,,,-94.1729429,36.3562611,,
,1812,6277713040,,,0,,,,-94.1578615,36.3343498,,
,1813,6277713046,,,0,,,,-94.1406995,36.333937,,
,1814,6282318689,,,0,,,,-94.2107841,36.3368442,,
,1815,6283812105,,,0,,,,-94.2136859,36.3574916,,
,1816,6283812106,,,0,,,,-94.2138862,36.357022,,
,1817,6283812111,,,0,,,,-94.2128899,36.3566079,,
,1818,6283812112,,,0,,,,-94.2125884,36.3570003,,
,1819,6299946605,,,0,,,,-94.1100167,36.3612278,,
,1820,6299946615,,,0,,,,-94.116256,36.3556424,,
,1821,6299946623,,,0,,,,-94.1167715,36.3550741,,
,1822,6302684931,,,0,,,,-94.0523139,36.4297511,,
,1823,6302684932,,,0,,,,-94.0532388,36.4300193,,
,1824,6302684933,,,0,,,,-94.053133,36.4298842,,
,1825,6302684938,,,0,,,,-94.0535941,36.429342,,
,1826,6302684960,,,0,,,,-94.071334,36.4070913,,
,1827,6313598628,,,0,,,,-93.9279314,36.4881644,,
,1828,6313598643,,,0,,,,-93.936634,36.4886082,,
,1829,6313598666,,,0,,,,-93.9668253,36.4488865,,
,1830,6315360971,,,0,,,,-93.9312687,36.4953672,,
,1831,6411869024,,,0,,,,-92.4439586,34.802168,,
,1832,6431780176,,,0,,,,-92.3875415,34.7870206,,
,1833,6431781294,,,0,,,,-92.388812,34.7928762,,
,1834,6485690343,,,0,,,,-93.7027975,36.3983304,,
,1835,6496625797,,,0,,,,-92.0074028,34.9972941,,
,1836,6496680230,,,0,,,,-92.0013984,34.9980561,,
,1837,6496680247,,,0,,,,-92.0037558,34.9941667,,
,1838,6496680248,,,0,,,,-92.0066946,34.9966964,,
,1839,6496680260,,,0,,,,-92.0095183,34.9925052,,
,1840,6496680277,,,0,,,,-92.006579,34.9965969,,
,1841,6496681999,,,0,,,,-92.0055774,34.9953359,,
,1842,6496682000,,,0,,,,-92.0099207,34.9919061,,
,1843,6680843556,,,0,,,,-94.1834956,36.0565926,,
,1844,6760850684,,,0,,,,-94.1188411,36.1201891,,
,1845,6760864485,,,0,,,,-94.1191917,36.1198458,,
,1846,6760864491,,,0,,,,-94.1185918,36.1167977,,
,1847,6899376006,,,0,,,,-94.192125,36.1538246,,
,1848,6899376007,,,0,,,,-94.1928477,36.1545838,,
,1849,6899376058,,,0,,,,-94.1933023,36.1535781,,
,1850,6899376059,,,0,,,,-94.1933388,36.1536233,,
,1851,6899376066,,,0,,,,-94.1932858,36.1539755,,
,1852,6899376067,,,0,,,,-94.193237,36.1540124,,
,1853,6899376074,,,0,,,,-94.1927448,36.153999,,
,1854,6899376084,,,0,,,,-94.1927645,36.1535254,,
,1855,6919429681,,,0,,,,-94.1926952,36.1702464,,
,1856,6919429682,,,0,,,,-94.192444,36.1702416,,
,1857,6919429683,,,0,,,,-94.1924008,36.1717624,,
,1858,6919432193,,,0,,,,-94.1926586,36.1717697,,
,1859,6919432203,,,0,,,,-94.1926864,36.1688543,,
,1860,6919432214,,,0,,,,-94.193059,36.1544596,,
,1861,6919432218,,,0,,,,-94.1925547,36.1676872,,
,1862,6919432293,,,0,,,,-94.1928846,36.1681211,,
,1863,6919432294,,,0,,,,-94.1929128,36.1681635,,
,1864,6919432300,,,0,,,,-94.1928599,36.168435,,
,1865,6919432301,,,0,,,,-94.192817,36.1684685,,
,1866,6919432309,,,0,,,,-94.192345,36.1684086,,
,1867,6919432310,,,0,,,,-94.1923168,36.1683661,,
,1868,6919432316,,,0,,,,-94.1923697,36.1680946,,
,1869,6919432317,,,0,,,,-94.1924126,36.1680612,,
,1870,7052614128,motorway_junction,,0,,,,-94.1743167,36.3652136,,
,1871,7052614134,motorway_junction,,0,,,,-94.17491,36.364928,,
,1872,7053145345,,,0,,,,-92.1052758,34.262253,,
,1873,7053145348,,,0,,,,-92.1058413,34.2621174,,
,1874,7053145350,,,0,,,,-92.1055866,34.2620117,,
,1875,7053145352,,,0,,,,-92.1049513,34.2617444,,
,1876,7053145357,,,0,,,,-92.1032362,34.2612387,,
,1877,7053145358,,,0,,,,-92.1034108,34.2610943,,
,1878,7076385228,,,0,,,,-91.1909966,34.925942,,
,1879,7254752455,,,0,,,,-94.1923774,36.1799751,,
,1880,7770050265,,,0,,,,-92.4603077,35.1166885,,
,1881,7770050269,,,0,,,,-92.4607873,35.1163044,,
,1882,7770050273,,,0,,,,-92.4597683,35.1163351,,
,1883,7959846829,,,0,,,,-92.2781714,34.75004,,
,1884,,,,0,,,,-93.6802174249211,33.0038,,
,1885,,,,0,,,,-93.14793284296607,33.0038,,
